-- --------------------------------------------------------
-- Host:                         127.0.0.1
-- Versión del servidor:         8.0.30 - MySQL Community Server - GPL
-- SO del servidor:              Win64
-- HeidiSQL Versión:             12.1.0.6537
-- --------------------------------------------------------

/*!40101 SET @OLD_CHARACTER_SET_CLIENT=@@CHARACTER_SET_CLIENT */;
/*!40101 SET NAMES utf8 */;
/*!50503 SET NAMES utf8mb4 */;
/*!40103 SET @OLD_TIME_ZONE=@@TIME_ZONE */;
/*!40103 SET TIME_ZONE='+00:00' */;
/*!40014 SET @OLD_FOREIGN_KEY_CHECKS=@@FOREIGN_KEY_CHECKS, FOREIGN_KEY_CHECKS=0 */;
/*!40101 SET @OLD_SQL_MODE=@@SQL_MODE, SQL_MODE='NO_AUTO_VALUE_ON_ZERO' */;
/*!40111 SET @OLD_SQL_NOTES=@@SQL_NOTES, SQL_NOTES=0 */;


-- Volcando estructura de base de datos para tienda_db
CREATE DATABASE IF NOT EXISTS `tienda_db` /*!40100 DEFAULT CHARACTER SET utf8mb4 COLLATE utf8mb4_general_ci */ /*!80016 DEFAULT ENCRYPTION='N' */;
USE `tienda_db`;

-- Volcando estructura para tabla tienda_db.cache
CREATE TABLE IF NOT EXISTS `cache` (
  `key` varchar(255) NOT NULL,
  `value` mediumtext NOT NULL,
  `expiration` int NOT NULL,
  PRIMARY KEY (`key`),
  KEY `cache_expiration_index` (`expiration`)
) ENGINE=InnoDB DEFAULT CHARSET=utf8mb4 COLLATE=utf8mb4_0900_ai_ci;

-- Volcando datos para la tabla tienda_db.cache: ~0 rows (aproximadamente)

-- Volcando estructura para tabla tienda_db.cache_locks
CREATE TABLE IF NOT EXISTS `cache_locks` (
  `key` varchar(255) NOT NULL,
  `owner` varchar(255) NOT NULL,
  `expiration` int NOT NULL,
  PRIMARY KEY (`key`)
) ENGINE=InnoDB DEFAULT CHARSET=utf8mb4 COLLATE=utf8mb4_0900_ai_ci;

-- Volcando datos para la tabla tienda_db.cache_locks: ~0 rows (aproximadamente)

-- Volcando estructura para tabla tienda_db.detalles_venta
CREATE TABLE IF NOT EXISTS `detalles_venta` (
  `id` char(36) NOT NULL,
  `venta_id` char(36) DEFAULT NULL,
  `producto_id` char(36) DEFAULT NULL,
  `tipo_venta` varchar(50) DEFAULT NULL,
  `cantidad` int DEFAULT NULL,
  `precio_unitario` decimal(10,2) DEFAULT NULL,
  `subtotal` decimal(10,2) DEFAULT NULL,
  `precio_compra` decimal(10,2) DEFAULT NULL,
  PRIMARY KEY (`id`),
  KEY `venta_id` (`venta_id`),
  KEY `producto_id` (`producto_id`),
  CONSTRAINT `detalles_venta_ibfk_1` FOREIGN KEY (`venta_id`) REFERENCES `ventas` (`id`) ON DELETE CASCADE,
  CONSTRAINT `detalles_venta_ibfk_2` FOREIGN KEY (`producto_id`) REFERENCES `productos` (`id`) ON DELETE CASCADE
) ENGINE=InnoDB DEFAULT CHARSET=utf8mb4 COLLATE=utf8mb4_0900_ai_ci;

-- Volcando datos para la tabla tienda_db.detalles_venta: ~2 rows (aproximadamente)
INSERT INTO `detalles_venta` (`id`, `venta_id`, `producto_id`, `tipo_venta`, `cantidad`, `precio_unitario`, `subtotal`, `precio_compra`) VALUES
	('0037814b-8dfc-40ff-be21-33e238a4f762', '9a137d38-0420-49ea-a5e9-442000b68e32', '4ca918d8-3205-40ba-b81a-bd106f8d03cf', 'unidad', 1, 7.00, 7.00, 4.00),
	('00c87df2-6cd3-4047-abaf-1e6620dc63f6', 'c90f38e5-4a38-49d4-bd51-23ca84268c8f', '5a990c66-09ed-49cf-a841-5abcdc8197a6', 'unidad', 2, 10.00, 20.00, 6.00),
	('01901330-8b77-44f5-9e92-886b8151642b', 'b7db1c20-5021-4ab8-898c-1410dc966a32', '3855d501-f81d-474f-bd47-d5d088fa370b', 'unidad', 8, 1000.00, 8000.00, 500.00),
	('01c24b5e-d9a7-4a9f-801d-36bf9e92e1aa', '66dc5309-371a-4a32-8a7a-a9f089c44d86', '2ab35ab3-c6ee-49ac-a377-e4b00ed91b5c', 'unidad', 1, 38.00, 38.00, 25.00),
	('02f98589-9b34-428a-b0bd-4579a8d64c11', 'edda2e84-7e8c-4cbf-b109-1b1366f36154', '94bd1aa8-8ad0-465b-9204-85bf9f5f39aa', 'unidad', 2, 30.00, 60.00, 18.00),
	('045711f4-24e1-4a59-8c57-f03a1085c37f', '6c6d7e2c-4de0-4e91-af36-6a52d03832a6', '3855d501-f81d-474f-bd47-d5d088fa370b', 'unidad', 5, 1000.00, 5000.00, 500.00),
	('0508f85e-ea9e-4732-9bae-8856a002d890', 'a24d8932-e836-48b3-8ef9-ac084df1c11b', '878be327-573d-417e-83c6-9bda41fd047d', 'unidad', 1, 8.00, 8.00, 5.00),
	('05da17be-eae0-45fc-a286-bc9c6a6d3d1d', 'bdd18fde-3ff5-4853-8313-ac1a92faf990', '4ca918d8-3205-40ba-b81a-bd106f8d03cf', 'unidad', 3, 7.00, 21.00, 4.00),
	('06d61629-7782-418d-a1ff-c10979e2294c', '253ac319-0eaa-4a5f-960b-f7e1015c9d8d', '5a990c66-09ed-49cf-a841-5abcdc8197a6', 'unidad', 3, 10.00, 30.00, 6.00),
	('07365200-d630-42f5-8a25-f296a1856c9d', '6b77ac54-db9e-4da8-814e-0a7fe2c8157f', '2ab35ab3-c6ee-49ac-a377-e4b00ed91b5c', 'unidad', 1, 38.00, 38.00, 25.00),
	('073d3689-b620-43f0-b181-93285dd3e4eb', '0d980d62-355c-40c9-861a-a2a6b9688fbb', '3855d501-f81d-474f-bd47-d5d088fa370b', 'unidad', 1, 1000.00, 1000.00, 500.00),
	('077a8aeb-b90f-4f6f-aa3f-be293d806a1e', '4e13571c-76f9-472e-8170-2758e06f6268', '2ab35ab3-c6ee-49ac-a377-e4b00ed91b5c', 'unidad', 3, 38.00, 114.00, 25.00),
	('078de564-8e27-4c5e-a87d-f0db36116364', 'db45d5ea-7846-4429-a9cf-c248e9e602f4', '588e2a02-5a32-41f5-9b89-004e06e6cc76', 'unidad', 3, 22.00, 66.00, 14.00),
	('0919ef10-8370-4bee-9ff3-424eccb035b9', '9004752b-e566-4236-8576-001f294247c8', '4ca918d8-3205-40ba-b81a-bd106f8d03cf', 'unidad', 3, 7.00, 21.00, 4.00),
	('0a7e4c2e-27c0-480b-916c-cc3fc90dc3f8', '3ed89f10-9054-454b-8558-02c4a88fdafa', 'a41920b4-8fba-4516-a591-658b6e3774f6', 'unidad', 3, 35.00, 105.00, 22.00),
	('0c61713c-1377-4245-a071-648e8427e80f', '6b8dc136-dc22-451f-a54c-c91c0c7bf4cd', '3855d501-f81d-474f-bd47-d5d088fa370b', 'unidad', 6, 1000.00, 6000.00, 500.00),
	('0d198c1d-7598-4fbb-ae51-9c6393d4ae40', '9d186f76-246e-4b46-8735-9e995c415360', '8c0795a6-300c-47df-a62b-150539201fc8', 'unidad', 1, 20.00, 20.00, 12.00),
	('0e96b42f-dd27-49c5-9bda-ffa11de6e09b', 'fb411e23-e74e-4370-8bd7-d5f4be6e347b', '588e2a02-5a32-41f5-9b89-004e06e6cc76', 'unidad', 2, 22.00, 44.00, 14.00),
	('0eeed2d3-365d-4d2e-a468-1f475f54d042', 'e82b2050-1dd3-4c5d-8393-3fda8f7a0421', '4f2033c1-02ff-4fd2-b97e-6cd02fe495fa', 'unidad', 2, 42.00, 84.00, 28.00),
	('0ff49fc6-13d5-4903-8604-1a4edd5481e0', 'c4059ec9-6bb4-4c84-b826-e04835d5272b', 'a41920b4-8fba-4516-a591-658b6e3774f6', 'unidad', 3, 35.00, 105.00, 22.00),
	('100f26ea-7c29-4f25-afc4-41e4df5348f4', 'ac03ac6a-c2dc-4429-a98d-02c1a38267d8', '5a990c66-09ed-49cf-a841-5abcdc8197a6', 'unidad', 3, 10.00, 30.00, 6.00),
	('11e3ade1-65ea-4527-8f49-eddb5d62cde5', '7a35227e-1a0a-4efc-8ee8-18f377e3568f', '4f2033c1-02ff-4fd2-b97e-6cd02fe495fa', 'unidad', 2, 42.00, 84.00, 28.00),
	('127b760f-39dc-453b-95ee-a528584b9608', 'f5dadf02-04a7-4387-b7d6-7a0614dad2b9', 'ae9f6064-a420-4ea9-9a95-c279a9990680', 'unidad', 2, 15.00, 30.00, 9.00),
	('134325d3-370e-4ca9-b2c6-5824785f1e6a', '8bad271a-b5ec-41a1-aa5b-7b67ee9df76f', 'a41920b4-8fba-4516-a591-658b6e3774f6', 'unidad', 3, 35.00, 105.00, 22.00),
	('139c714f-c616-421d-bcf1-eb5a1362ccde', 'c6f983b4-adc9-4f8e-8ced-3e981f47f1f9', '588e2a02-5a32-41f5-9b89-004e06e6cc76', 'unidad', 2, 22.00, 44.00, 14.00),
	('14c22103-b8b9-4a45-860c-9ebc4835b846', '867db966-b51e-44ba-97c2-3ffd64497cd9', '94bd1aa8-8ad0-465b-9204-85bf9f5f39aa', 'unidad', 2, 30.00, 60.00, 18.00),
	('14c6f27c-3539-4096-82b5-4243deff0310', '1c898f77-6217-427a-bbf8-348d440f34fb', 'ae9f6064-a420-4ea9-9a95-c279a9990680', 'unidad', 2, 15.00, 30.00, 9.00),
	('14e0cc82-90c8-416e-900e-a86ce6924cf1', 'c646c516-94d2-4cbf-ac47-4b13b388d333', '588e2a02-5a32-41f5-9b89-004e06e6cc76', 'unidad', 3, 22.00, 66.00, 14.00),
	('14e31820-354e-4421-bf40-24b1908c7dc1', 'e98df261-b83a-45fc-b7b2-20a6315e77fa', '4ca918d8-3205-40ba-b81a-bd106f8d03cf', 'unidad', 1, 7.00, 7.00, 4.00),
	('1702443c-9324-409d-90af-6fc5e1443002', 'cae52d94-4750-48f4-b893-8316667ac036', '94bd1aa8-8ad0-465b-9204-85bf9f5f39aa', 'unidad', 1, 30.00, 30.00, 18.00),
	('186550db-71cf-4053-a16b-fcf4b5bbc628', '8c2e6378-0950-40db-98a3-9a2dfcba08fd', '4f2033c1-02ff-4fd2-b97e-6cd02fe495fa', 'unidad', 1, 42.00, 42.00, 28.00),
	('192df6d2-456e-4596-ae95-a9ab6de059aa', 'a24d8932-e836-48b3-8ef9-ac084df1c11b', '5a990c66-09ed-49cf-a841-5abcdc8197a6', 'unidad', 2, 10.00, 20.00, 6.00),
	('19bf3782-3f80-4746-a844-5fe363792266', '1c898f77-6217-427a-bbf8-348d440f34fb', '4ca918d8-3205-40ba-b81a-bd106f8d03cf', 'unidad', 2, 7.00, 14.00, 4.00),
	('19cfc2c1-2951-47fb-8d0f-204e39e302fc', '694b2beb-7767-4193-9711-72a6e282e2de', '3855d501-f81d-474f-bd47-d5d088fa370b', 'unidad', 10, 1000.00, 10000.00, 500.00),
	('1b702f47-5398-4f74-a5f6-6f889db66765', '3bed38d0-6e31-4e92-962c-36031fabd5ee', '94bd1aa8-8ad0-465b-9204-85bf9f5f39aa', 'unidad', 1, 30.00, 30.00, 18.00),
	('1baf79f4-76f4-4614-93ad-9e1de8ecad6c', '69251bca-f650-41fd-841e-cd2522deb7c7', '5a990c66-09ed-49cf-a841-5abcdc8197a6', 'unidad', 1, 10.00, 10.00, 6.00),
	('1cc91245-2227-4c9f-9bfc-c13cf395df9e', '713a0cd7-5258-44a4-9bcc-cd16695af1ea', '3855d501-f81d-474f-bd47-d5d088fa370b', 'unidad', 5, 1000.00, 5000.00, 500.00),
	('1ccdded5-bb2a-4b33-a499-ebd74f374b9e', '519db874-d5a5-41bc-9816-2b5be3b8891e', 'ae9f6064-a420-4ea9-9a95-c279a9990680', 'unidad', 2, 15.00, 30.00, 9.00),
	('1d371b38-e0eb-4a86-841e-63b404ef2248', 'a98d5db5-e35f-4dd4-a9d6-4628f9d822f7', '588e2a02-5a32-41f5-9b89-004e06e6cc76', 'unidad', 2, 22.00, 44.00, 14.00),
	('1e16eae9-a4a6-466e-9405-d076bb36f2e4', 'dc0552e2-55f9-4ccd-814d-3af796198090', '3855d501-f81d-474f-bd47-d5d088fa370b', 'unidad', 2, 1000.00, 2000.00, 500.00),
	('1ea79a4a-2d58-43cd-b977-28cb70094d28', '7bfa66e4-d073-4df9-b235-fa1d956b0a9f', '3855d501-f81d-474f-bd47-d5d088fa370b', 'unidad', 8, 1000.00, 8000.00, 500.00),
	('1ebd82d6-627e-4ac6-9443-ded39e6f36b5', 'fb8968f1-1dac-4b34-8396-62f83fa5f0f2', '3855d501-f81d-474f-bd47-d5d088fa370b', 'unidad', 6, 1000.00, 6000.00, 500.00),
	('1f5ff4c5-ed23-429b-90b0-fc49dca86bae', '4ff5eea6-1791-44af-9eca-83fd61e4faf7', '3855d501-f81d-474f-bd47-d5d088fa370b', 'unidad', 2, 1000.00, 2000.00, 500.00),
	('1f6fba25-fe9d-4c6c-ad02-85a0025139d7', '46a2923b-6517-4bb8-9020-1c5be91582f3', '2ab35ab3-c6ee-49ac-a377-e4b00ed91b5c', 'unidad', 2, 38.00, 76.00, 25.00),
	('1fd4176b-3b30-46ed-9a01-8c663da85e19', '774ab197-5d82-4811-b8b8-e4c7f8634448', '2ab35ab3-c6ee-49ac-a377-e4b00ed91b5c', 'unidad', 1, 38.00, 38.00, 25.00),
	('203556d8-ac22-4c38-bb0e-f2f1c3e1f07b', 'b2329461-bc1f-4381-9a84-035e074864f7', '3855d501-f81d-474f-bd47-d5d088fa370b', 'unidad', 10, 1000.00, 10000.00, 500.00),
	('2037fbff-2874-4017-a207-ccea82cd0970', 'cc7ab1fd-6799-4199-a687-a5cd101eda0c', 'ae9f6064-a420-4ea9-9a95-c279a9990680', 'unidad', 3, 15.00, 45.00, 9.00),
	('2180cc51-9730-4167-b83e-3691cb08a874', '1969506a-e1dd-49c0-93ea-f3c5cb687f1d', '878be327-573d-417e-83c6-9bda41fd047d', 'unidad', 1, 8.00, 8.00, 5.00),
	('21c06c0f-991f-4005-8769-ba708eb8817f', 'ebff609e-42c0-4a26-948a-976859deaa3f', '878be327-573d-417e-83c6-9bda41fd047d', 'unidad', 2, 8.00, 16.00, 5.00),
	('21d7f2e6-a67d-42cb-ad35-ad599e143180', '7b29026c-aef5-4567-849c-9f5328b48e6b', '878be327-573d-417e-83c6-9bda41fd047d', 'unidad', 3, 8.00, 24.00, 5.00),
	('222bd4b9-4eab-4155-aa8c-5330b17d5725', 'f443df6b-5fbb-40a3-9686-87963f73bce3', '2ab35ab3-c6ee-49ac-a377-e4b00ed91b5c', 'unidad', 1, 38.00, 38.00, 25.00),
	('22d7557a-dba4-45ee-bdb8-553211da9524', '73eb61aa-8fe1-42fd-9180-2146bf314b5e', '94bd1aa8-8ad0-465b-9204-85bf9f5f39aa', 'unidad', 3, 30.00, 90.00, 18.00),
	('23cd878e-b8c6-4206-b5c5-4aac25a65756', '774ab197-5d82-4811-b8b8-e4c7f8634448', 'a41920b4-8fba-4516-a591-658b6e3774f6', 'unidad', 3, 35.00, 105.00, 22.00),
	('2483e239-0895-4cf1-93d1-d13ef9507215', 'e303ea47-88dc-4c9c-a42d-5fcc4f4ed10d', '3855d501-f81d-474f-bd47-d5d088fa370b', 'unidad', 7, 1000.00, 7000.00, 500.00),
	('24a0f5bc-4829-42dd-bb69-683d17da6945', '56a81692-4799-4319-8f94-123f18aab273', '588e2a02-5a32-41f5-9b89-004e06e6cc76', 'unidad', 2, 22.00, 44.00, 14.00),
	('25315739-512a-423f-8b4c-45164ddcb586', 'a5837933-cbae-4f19-b7a3-2b4442bb62a9', '4ca918d8-3205-40ba-b81a-bd106f8d03cf', 'unidad', 1, 7.00, 7.00, 4.00),
	('254b5638-eca8-4fda-9144-2a38424aeacc', '73eb61aa-8fe1-42fd-9180-2146bf314b5e', 'ae9f6064-a420-4ea9-9a95-c279a9990680', 'unidad', 1, 15.00, 15.00, 9.00),
	('2572e4d7-b03e-4962-a518-8788380b019f', '63d7d8e9-0a3b-4a36-834a-e39ecb0ef685', '3855d501-f81d-474f-bd47-d5d088fa370b', 'unidad', 6, 1000.00, 6000.00, 500.00),
	('25fc3b1d-8b17-4959-8e59-d897f722a189', '4e13571c-76f9-472e-8170-2758e06f6268', '94bd1aa8-8ad0-465b-9204-85bf9f5f39aa', 'unidad', 2, 30.00, 60.00, 18.00),
	('264bdedc-11ba-485b-ad9e-49a575d6367b', 'a92c71f4-e45b-47c2-b56d-06088d778f37', '8c0795a6-300c-47df-a62b-150539201fc8', 'unidad', 2, 20.00, 40.00, 12.00),
	('26b2cc7b-c65e-46e2-a310-7162686f57ea', '13db828d-d937-48e3-a5a3-123e9d21b7db', '2ab35ab3-c6ee-49ac-a377-e4b00ed91b5c', 'unidad', 1, 38.00, 38.00, 25.00),
	('26e64f17-4ae8-4881-928f-163f6de6e903', '57fca29c-8791-4bcb-b4db-81035cd5eb6a', '2b59e012-78d2-4f12-bbc8-134c83281bfb', 'unidad', 3, 45.00, 135.00, 30.00),
	('273a4169-eb41-4f3e-9972-e93928225903', 'edba70f7-97de-4628-84f6-9a09462892b0', 'ae9f6064-a420-4ea9-9a95-c279a9990680', 'unidad', 3, 15.00, 45.00, 9.00),
	('27922d05-5786-47f3-8bba-f2766618283d', '7181df3d-70b0-41c7-b330-f13dad639bbb', '3855d501-f81d-474f-bd47-d5d088fa370b', 'unidad', 10, 1000.00, 10000.00, 500.00),
	('27994e1e-d288-4dc4-b4c6-de1e390b4b11', 'bab12417-9a98-45ff-a5ff-b436d60e8af6', 'ae9f6064-a420-4ea9-9a95-c279a9990680', 'unidad', 3, 15.00, 45.00, 9.00),
	('2830b0ed-9ec9-4b94-bc5f-462d252d787e', 'edda2e84-7e8c-4cbf-b109-1b1366f36154', '5a990c66-09ed-49cf-a841-5abcdc8197a6', 'unidad', 2, 10.00, 20.00, 6.00),
	('2831ef4d-200b-4d69-8fb0-717e56da7d61', '0fe1bd13-300a-4558-98a2-ab6117b21ecd', '8c0795a6-300c-47df-a62b-150539201fc8', 'unidad', 3, 20.00, 60.00, 12.00),
	('28b5bd9e-2882-4f86-9330-e08152d77278', 'fd1f0147-87ea-48c3-8a5a-09c9c79b0520', '3855d501-f81d-474f-bd47-d5d088fa370b', 'unidad', 10, 1000.00, 10000.00, 500.00),
	('29f90cba-7f40-4ac6-bb12-9324a9749cfc', 'b762bca2-af2e-436b-b0b5-a3e22e9bd768', '3855d501-f81d-474f-bd47-d5d088fa370b', 'unidad', 6, 1000.00, 6000.00, 500.00),
	('2a79c2df-438c-47bd-bd39-70e7ff8cb789', '674ad977-ff3c-46f8-b01a-fa106a699454', '3855d501-f81d-474f-bd47-d5d088fa370b', 'unidad', 7, 1000.00, 7000.00, 500.00),
	('2ad41bfb-6e5b-48c9-9190-09b3b3963c94', '34e94b44-756f-4ce7-9a09-235326f10ef6', '3855d501-f81d-474f-bd47-d5d088fa370b', 'unidad', 4, 1000.00, 4000.00, 500.00),
	('2b269d33-87f7-4105-8f0f-b05647138a31', 'f45fe939-6951-41a9-a4ca-85b76a574e43', '3855d501-f81d-474f-bd47-d5d088fa370b', 'unidad', 20, 1000.00, 20000.00, 500.00),
	('2d01d145-f5e2-4b18-ac4a-8ff0e668e490', '442313a1-2e37-4349-95ee-05444dc1b16a', '3855d501-f81d-474f-bd47-d5d088fa370b', 'unidad', 7, 1000.00, 7000.00, 500.00),
	('2fdc4a16-7443-4dd6-9d29-f402bc24cde3', '59f41d41-2067-4af9-bc7d-f237044ce542', '4ca918d8-3205-40ba-b81a-bd106f8d03cf', 'unidad', 1, 7.00, 7.00, 4.00),
	('308a8dca-672e-4715-a59e-16011af979cf', 'f3fad255-409a-4c53-8cba-6c0fee00afed', '3855d501-f81d-474f-bd47-d5d088fa370b', 'unidad', 7, 1000.00, 7000.00, 500.00),
	('32df40c3-c0ff-447c-b7b1-3d1ea1213c12', '443e6b83-758f-431d-b9f3-2363d7607525', '3855d501-f81d-474f-bd47-d5d088fa370b', 'unidad', 9, 1000.00, 9000.00, 500.00),
	('32e04d64-c46f-4501-a84e-5cec5f5fc215', '19bfc1fd-7c3d-415f-a5ec-a60e882e2f01', 'a41920b4-8fba-4516-a591-658b6e3774f6', 'unidad', 2, 35.00, 70.00, 22.00),
	('335dd5a9-7227-4ce0-9fdb-f294edce7576', 'ae9f7513-22ff-4ea6-8dbd-ab20e4b37852', '3855d501-f81d-474f-bd47-d5d088fa370b', 'unidad', 3, 1000.00, 3000.00, 500.00),
	('34547b36-6c59-4068-afcf-1d030b8b8168', '686d9579-22cf-4af1-bc96-a686f6bc8c2e', '8c0795a6-300c-47df-a62b-150539201fc8', 'unidad', 3, 20.00, 60.00, 12.00),
	('348907f6-4c36-4d22-a9e3-3f2535990e0a', '37b119f9-a556-4a12-ae55-ddfced3af079', '5a990c66-09ed-49cf-a841-5abcdc8197a6', 'unidad', 2, 10.00, 20.00, 6.00),
	('35f0b661-31f5-4805-a63a-b6ae11bd38cc', 'c4059ec9-6bb4-4c84-b826-e04835d5272b', '2b59e012-78d2-4f12-bbc8-134c83281bfb', 'unidad', 3, 45.00, 135.00, 30.00),
	('36901190-8f5e-4229-9533-a8d910100c8e', '57fca29c-8791-4bcb-b4db-81035cd5eb6a', 'ae9f6064-a420-4ea9-9a95-c279a9990680', 'unidad', 3, 15.00, 45.00, 9.00),
	('37382134-f5d4-4c93-9931-40e02b64fa5a', '28652cb7-5149-47ee-9c72-a3e605464a3d', '4f2033c1-02ff-4fd2-b97e-6cd02fe495fa', 'unidad', 1, 42.00, 42.00, 28.00),
	('37990cf0-96f6-4092-9f14-b029239a9080', 'bcb05e30-83ec-4fc6-82b2-a1aa0be281f7', '3855d501-f81d-474f-bd47-d5d088fa370b', 'unidad', 8, 1000.00, 8000.00, 500.00),
	('37a8caf3-0e9e-4607-b650-7523ac57236c', 'bdd18fde-3ff5-4853-8313-ac1a92faf990', '878be327-573d-417e-83c6-9bda41fd047d', 'unidad', 2, 8.00, 16.00, 5.00),
	('388ef898-1162-4ed5-91f4-efa070ea6837', 'ea256da5-3a4b-4419-b1a6-ca79abfe0c22', '588e2a02-5a32-41f5-9b89-004e06e6cc76', 'unidad', 3, 22.00, 66.00, 14.00),
	('38c16747-01d7-4606-b79e-07fb3f12552e', '63ec69a8-360a-4f24-9f03-f2bbab88852a', '2ab35ab3-c6ee-49ac-a377-e4b00ed91b5c', 'unidad', 2, 38.00, 76.00, 25.00),
	('3918150a-505d-44d6-8a8c-6ba91e2753ea', 'e6c70b82-09ff-4bac-99d5-cc7a99d339dd', '5a990c66-09ed-49cf-a841-5abcdc8197a6', 'unidad', 3, 10.00, 30.00, 6.00),
	('392c28ee-60a8-4a70-91b0-759fa2ad5b25', '15d5d0cb-cf12-4fad-90e2-354f0c666478', '94bd1aa8-8ad0-465b-9204-85bf9f5f39aa', 'unidad', 3, 30.00, 90.00, 18.00),
	('3969d67c-8438-433a-847c-b476f019f442', '58edbe23-623d-4fb2-89b3-1c8ce247dfbe', '5a990c66-09ed-49cf-a841-5abcdc8197a6', 'unidad', 3, 10.00, 30.00, 6.00),
	('3a3dc572-18e9-4672-adf6-3f73302bea34', '8b731a47-09b9-4b78-8acf-ca9c2e82cd33', '8c0795a6-300c-47df-a62b-150539201fc8', 'unidad', 2, 20.00, 40.00, 12.00),
	('3a438e05-214d-40d8-ad0d-11ae85f20eef', '7f95d9aa-1e5d-4fbe-ad71-834f6e538945', '3855d501-f81d-474f-bd47-d5d088fa370b', 'unidad', 5, 1000.00, 5000.00, 500.00),
	('3a8200c8-ee9b-4958-a0e5-a8eb9427900f', 'fa46080d-18ed-4524-9af5-fafa4eaa57dd', '3855d501-f81d-474f-bd47-d5d088fa370b', 'unidad', 8, 1000.00, 8000.00, 500.00),
	('3ab53c6d-8082-4df5-a4fa-5a857642d418', '2d1101ba-dbdc-4c37-a152-0abe690a72ac', 'ae9f6064-a420-4ea9-9a95-c279a9990680', 'unidad', 1, 15.00, 15.00, 9.00),
	('3ae65e32-e048-4aac-b7e2-5b71837700f6', '73eb61aa-8fe1-42fd-9180-2146bf314b5e', '4ca918d8-3205-40ba-b81a-bd106f8d03cf', 'unidad', 2, 7.00, 14.00, 4.00),
	('3b2049bb-e922-4760-829d-ddc9c64a4f7d', '4965a0ad-00a5-4fd9-bce3-9ad54ab570ad', '8c0795a6-300c-47df-a62b-150539201fc8', 'unidad', 2, 20.00, 40.00, 12.00),
	('3b2d9b87-0e7b-4de5-ab9f-0940737ee83f', '10cd1fe9-ec69-4eeb-bff3-12b80c1cc6ca', '878be327-573d-417e-83c6-9bda41fd047d', 'unidad', 2, 8.00, 16.00, 5.00),
	('3b58cc5b-6ef4-4f37-972b-60ec2f90879b', '0e1e0f84-1ee7-494c-96a8-fba296aff62a', '3855d501-f81d-474f-bd47-d5d088fa370b', 'unidad', 2, 1000.00, 2000.00, 500.00),
	('3dd9ba10-e47c-4bb7-90b4-a5599f9066ae', 'aea8a337-9d81-42be-a3ff-48dd66e644ec', '3855d501-f81d-474f-bd47-d5d088fa370b', 'unidad', 10, 1000.00, 10000.00, 500.00),
	('3def8b2a-e7ae-4d56-9cb0-97703e3a1992', 'b4896317-990e-43c8-a7a4-3ccf5573798d', '3855d501-f81d-474f-bd47-d5d088fa370b', 'unidad', 7, 1000.00, 7000.00, 500.00),
	('3e41a4f5-c52c-484b-b752-1b12645155e0', '1c898f77-6217-427a-bbf8-348d440f34fb', '878be327-573d-417e-83c6-9bda41fd047d', 'unidad', 3, 8.00, 24.00, 5.00),
	('3e81cad0-dbd9-4638-a66d-6bcbae854878', 'd41db788-84ef-4730-96fe-f0a3142189f2', '3855d501-f81d-474f-bd47-d5d088fa370b', 'unidad', 8, 1000.00, 8000.00, 500.00),
	('3e85265e-a1d8-4c62-ade8-d33a2517d224', 'de07ff03-cdcd-455b-bbbf-fc49eea25c65', 'a41920b4-8fba-4516-a591-658b6e3774f6', 'unidad', 1, 35.00, 35.00, 22.00),
	('3ef0894f-83c9-41b6-b105-821b8c013596', 'e049b016-c761-4a7d-82d1-47061d4dd82a', '3855d501-f81d-474f-bd47-d5d088fa370b', 'unidad', 6, 1000.00, 6000.00, 500.00),
	('3f452dac-9cfe-453c-a442-fd0e74411c07', '5c8a5824-92cd-41e4-8440-e1192e4267bc', '4f2033c1-02ff-4fd2-b97e-6cd02fe495fa', 'unidad', 1, 42.00, 42.00, 28.00),
	('3f4b0cdd-bb94-4539-af76-d9ade59542ce', '6dce0057-bc43-478d-b90a-16c45d2e0eef', 'ae9f6064-a420-4ea9-9a95-c279a9990680', 'unidad', 3, 15.00, 45.00, 9.00),
	('3fb96978-a19f-4125-84dd-67afac145d2f', 'b26dd58b-98f5-4bc6-8397-582b7be71e97', '3855d501-f81d-474f-bd47-d5d088fa370b', 'unidad', 5, 1000.00, 5000.00, 500.00),
	('3fba49b9-892d-4835-a0d6-fc0d8bf414f5', '4a7439e0-bd31-49d5-9851-527eb135361c', '2b59e012-78d2-4f12-bbc8-134c83281bfb', 'unidad', 1, 45.00, 45.00, 30.00),
	('3fe5568a-9e14-450b-b806-0f48c3d1ab0d', '28652cb7-5149-47ee-9c72-a3e605464a3d', '5a990c66-09ed-49cf-a841-5abcdc8197a6', 'unidad', 2, 10.00, 20.00, 6.00),
	('40988aa4-6cde-4060-bc10-ec9c1268f131', '6b77ac54-db9e-4da8-814e-0a7fe2c8157f', '878be327-573d-417e-83c6-9bda41fd047d', 'unidad', 2, 8.00, 16.00, 5.00),
	('41919864-b8af-490b-aabf-2069e4ed53b9', '111d903a-4a5b-4192-b633-dfa8d3c3e424', '3855d501-f81d-474f-bd47-d5d088fa370b', 'unidad', 10, 1000.00, 10000.00, 500.00),
	('41b92112-e051-45f1-89dc-a85bb58627ae', 'c4059ec9-6bb4-4c84-b826-e04835d5272b', '4f2033c1-02ff-4fd2-b97e-6cd02fe495fa', 'unidad', 1, 42.00, 42.00, 28.00),
	('41dabd37-e0a0-47a5-91c4-e900b895fae3', 'a42237ac-5f1a-4ad9-870a-ac9da64551f9', '878be327-573d-417e-83c6-9bda41fd047d', 'unidad', 3, 8.00, 24.00, 5.00),
	('430d2b8d-1643-42bc-b714-85fc4e203d76', 'cf7baa05-258d-4c6e-9a28-d8cf0f1377b0', '3855d501-f81d-474f-bd47-d5d088fa370b', 'unidad', 1, 1000.00, 1000.00, 500.00),
	('43c23452-9dcb-4b2e-a5b5-ef29b140528c', '8e74dd87-7803-43d8-a450-b1005a399092', '2ab35ab3-c6ee-49ac-a377-e4b00ed91b5c', 'unidad', 1, 38.00, 38.00, 25.00),
	('43c46b75-adf4-4966-9f77-ee1246bc96dc', 'e319a6ca-f145-4b66-9144-847fb46fa6bb', '94bd1aa8-8ad0-465b-9204-85bf9f5f39aa', 'unidad', 1, 30.00, 30.00, 18.00),
	('43c60802-37f0-403e-827e-23c24caf85db', 'd568af1a-733c-46d9-8eca-0dbd8f3f9a92', '2ab35ab3-c6ee-49ac-a377-e4b00ed91b5c', 'unidad', 2, 38.00, 76.00, 25.00),
	('449bbbed-39ef-47eb-8a0c-9981ca44fe15', '8c399ec5-0c7c-41c9-a253-9370f7ab94f0', '8c0795a6-300c-47df-a62b-150539201fc8', 'unidad', 1, 20.00, 20.00, 12.00),
	('45c3508e-bc1c-4d8f-87a3-a52defcae1a5', 'd568af1a-733c-46d9-8eca-0dbd8f3f9a92', '588e2a02-5a32-41f5-9b89-004e06e6cc76', 'unidad', 1, 22.00, 22.00, 14.00),
	('4604e727-b7ac-4452-8662-654951932b1d', 'e4e34e36-59f5-44bb-9a3e-399f1019b2c4', '8c0795a6-300c-47df-a62b-150539201fc8', 'unidad', 1, 20.00, 20.00, 12.00),
	('47445130-4c60-4107-bab9-1a2589acfb3d', '03f2ea26-ddab-4aa8-a9f6-29c2450e51b4', '5a990c66-09ed-49cf-a841-5abcdc8197a6', 'unidad', 2, 10.00, 20.00, 6.00),
	('49040e34-3dba-4a7d-820b-fc02620d364f', 'd8653f89-0578-42f6-8ca5-3587036e42a0', '3855d501-f81d-474f-bd47-d5d088fa370b', 'unidad', 9, 1000.00, 9000.00, 500.00),
	('491b1aab-852d-4ada-8bf5-23cb3aa69d54', '8e74dd87-7803-43d8-a450-b1005a399092', '5a990c66-09ed-49cf-a841-5abcdc8197a6', 'unidad', 2, 10.00, 20.00, 6.00),
	('4934613e-f212-4876-9325-6f50f50aedc5', 'adde9cc9-383d-4662-88e1-20537c524232', '3855d501-f81d-474f-bd47-d5d088fa370b', 'unidad', 6, 1000.00, 6000.00, 500.00),
	('4af3e515-dd3b-41b7-ba44-b5d85d379a31', 'c70624d4-fe9c-424a-b634-f5b2b948b731', '94bd1aa8-8ad0-465b-9204-85bf9f5f39aa', 'unidad', 3, 30.00, 90.00, 18.00),
	('4cf02411-932a-4dc5-897d-965eea11cae4', '5f1f0be2-87ea-4aa2-8df3-17b2ba628ec8', '3855d501-f81d-474f-bd47-d5d088fa370b', 'unidad', 1, 1000.00, 1000.00, 500.00),
	('4d433610-1c9d-40d7-a99c-5b38ccbc3b8e', '15261382-31a5-4bd1-806e-a02337d8bd8a', '4f2033c1-02ff-4fd2-b97e-6cd02fe495fa', 'unidad', 3, 42.00, 126.00, 28.00),
	('4d699e45-a536-4075-92e5-6a90ad3ede2c', '59f41d41-2067-4af9-bc7d-f237044ce542', '8c0795a6-300c-47df-a62b-150539201fc8', 'unidad', 3, 20.00, 60.00, 12.00),
	('4d99c7f8-c569-4089-9a86-2b78edd389a8', '6473f96f-9353-4f41-9d8c-644046ea02dd', '3855d501-f81d-474f-bd47-d5d088fa370b', 'unidad', 2, 1000.00, 2000.00, 500.00),
	('4e323672-09a9-451e-b28b-af9dfe0ea87a', '469f8fb6-9f7c-4dab-92b4-92a4fb7032db', '3855d501-f81d-474f-bd47-d5d088fa370b', 'unidad', 4, 1000.00, 4000.00, 500.00),
	('4e5e6a73-7212-4d13-bf26-10d6a66a1650', 'c773181e-fde2-4ae5-94f7-40d87a58ba19', '3855d501-f81d-474f-bd47-d5d088fa370b', 'unidad', 7, 1000.00, 7000.00, 500.00),
	('4f4ade1e-8e92-446e-ab40-58bb347aa5ef', 'c90f38e5-4a38-49d4-bd51-23ca84268c8f', 'ae9f6064-a420-4ea9-9a95-c279a9990680', 'unidad', 2, 15.00, 30.00, 9.00),
	('50001083-19bf-43f5-af14-c9c8d1dea6fd', '2b8435ed-14b6-439e-bb77-395c92602a71', '3855d501-f81d-474f-bd47-d5d088fa370b', 'unidad', 2, 1000.00, 2000.00, 500.00),
	('5052ace7-5a8d-4cc2-ac54-ab8e9431f248', '93be1cc7-20f1-49eb-85d5-c77cf3c11116', '878be327-573d-417e-83c6-9bda41fd047d', 'unidad', 2, 8.00, 16.00, 5.00),
	('50f6a742-d864-465c-aac3-fb5f7d26b6e5', '9005c273-729b-40f3-9d72-1978d2f36ec3', '3855d501-f81d-474f-bd47-d5d088fa370b', 'unidad', 9, 1000.00, 9000.00, 500.00),
	('514c37d2-a23e-438e-9c05-0087d7d6aa48', '792f1a9e-fa9d-46f1-993f-a514f2aad925', '3855d501-f81d-474f-bd47-d5d088fa370b', 'unidad', 6, 1000.00, 6000.00, 500.00),
	('514d2e03-9b3b-4720-bd31-9cb2bae0d094', '0d8f3752-7c7a-42d7-8d74-e1d155515f9e', 'a41920b4-8fba-4516-a591-658b6e3774f6', 'unidad', 2, 35.00, 70.00, 22.00),
	('5227b1f6-4c6d-4da2-a6e9-94698544afa4', '1984a0ac-0ea9-4823-8409-6dcc44a979a5', '3855d501-f81d-474f-bd47-d5d088fa370b', 'unidad', 9, 1000.00, 9000.00, 500.00),
	('52c4d232-e8e5-49a0-ad09-3a2bafc75c40', '03f2ea26-ddab-4aa8-a9f6-29c2450e51b4', '4ca918d8-3205-40ba-b81a-bd106f8d03cf', 'unidad', 3, 7.00, 21.00, 4.00),
	('52d4d244-adec-446e-97ca-c3669d4f3a4e', 'fed0f2bd-19fd-4765-b303-d237fb4b8843', '878be327-573d-417e-83c6-9bda41fd047d', 'unidad', 1, 8.00, 8.00, 5.00),
	('54796173-3b80-4361-b0d1-81d43eafdedb', 'c8980336-c79b-445c-8220-43cdc8d6bab0', '3855d501-f81d-474f-bd47-d5d088fa370b', 'unidad', 9, 1000.00, 9000.00, 500.00),
	('54f4a804-2c80-4dad-9734-ccf2b65a52ef', 'f3fce55f-eb84-41d9-a06c-3dc52d22156a', '3855d501-f81d-474f-bd47-d5d088fa370b', 'unidad', 1, 1000.00, 1000.00, 500.00),
	('5505ff7f-dc01-45fb-9b72-b3abc10c59c3', 'bd0e4331-980e-448a-bc77-061f925f6230', '3855d501-f81d-474f-bd47-d5d088fa370b', 'unidad', 1, 1000.00, 1000.00, 500.00),
	('552ee122-f920-4973-828c-636428d39b7c', '8c2e6378-0950-40db-98a3-9a2dfcba08fd', '94bd1aa8-8ad0-465b-9204-85bf9f5f39aa', 'unidad', 2, 30.00, 60.00, 18.00),
	('5546b8bc-fdee-45ec-b0f5-29ad1e44dd85', 'bdd18fde-3ff5-4853-8313-ac1a92faf990', '2ab35ab3-c6ee-49ac-a377-e4b00ed91b5c', 'unidad', 3, 38.00, 114.00, 25.00),
	('566e0f29-e9d4-41fa-a66d-2aa191069503', '19bfc1fd-7c3d-415f-a5ec-a60e882e2f01', '588e2a02-5a32-41f5-9b89-004e06e6cc76', 'unidad', 3, 22.00, 66.00, 14.00),
	('568d0d95-c0c9-43b0-ac93-c7d43e20baec', 'a5837933-cbae-4f19-b7a3-2b4442bb62a9', '878be327-573d-417e-83c6-9bda41fd047d', 'unidad', 3, 8.00, 24.00, 5.00),
	('5819f7bc-20ec-4994-81eb-042cc2bc0a27', 'e768d8a6-78d8-436c-aecf-2edf5458b0f1', '588e2a02-5a32-41f5-9b89-004e06e6cc76', 'unidad', 3, 22.00, 66.00, 14.00),
	('582112c2-2d56-46e8-97ce-967450338244', 'cc30bfe0-26da-4785-9e6b-47d941ab5392', '4ca918d8-3205-40ba-b81a-bd106f8d03cf', 'unidad', 2, 7.00, 14.00, 4.00),
	('58c5a140-014e-47f0-a49d-5382109ffa79', '5c8a5824-92cd-41e4-8440-e1192e4267bc', '588e2a02-5a32-41f5-9b89-004e06e6cc76', 'unidad', 2, 22.00, 44.00, 14.00),
	('5ab56156-507c-41b2-915b-82f8e6b2b1e7', '42a31ec5-362a-404e-8736-9d601971d64c', '3855d501-f81d-474f-bd47-d5d088fa370b', 'unidad', 3, 1000.00, 3000.00, 500.00),
	('5af4d7c6-635c-463d-ada7-d23b646a25fb', '8df53a40-2fb2-424a-8742-9a94d35cda4e', '3855d501-f81d-474f-bd47-d5d088fa370b', 'unidad', 8, 1000.00, 8000.00, 500.00),
	('5af641a1-ef35-4f4e-a497-4d63c803162f', '1eb1e967-9e7c-46a5-a081-78193a86b491', '878be327-573d-417e-83c6-9bda41fd047d', 'unidad', 3, 8.00, 24.00, 5.00),
	('5b30b582-55de-48c0-a398-310c1faa4c21', '428f4231-9a50-4069-8d32-a2f13e6e12e2', '3855d501-f81d-474f-bd47-d5d088fa370b', 'unidad', 7, 1000.00, 7000.00, 500.00),
	('5c0b23b4-17dc-41d2-a45c-3246f56ba807', '2ca1586e-5431-486e-bc70-5699818dcff1', '2b59e012-78d2-4f12-bbc8-134c83281bfb', 'unidad', 3, 45.00, 135.00, 30.00),
	('5df190ee-ba45-46d3-8a42-d3c19aeaf76d', '8b731a47-09b9-4b78-8acf-ca9c2e82cd33', '4f2033c1-02ff-4fd2-b97e-6cd02fe495fa', 'unidad', 2, 42.00, 84.00, 28.00),
	('60abb7a3-3bca-4e94-8ff5-d2d27b65176d', '91d89ca9-f7c1-492b-a06d-96fba6f95f51', '3855d501-f81d-474f-bd47-d5d088fa370b', 'unidad', 10, 1000.00, 10000.00, 500.00),
	('60b56428-04df-4b02-935a-b8115989205f', '867db966-b51e-44ba-97c2-3ffd64497cd9', '8c0795a6-300c-47df-a62b-150539201fc8', 'unidad', 3, 20.00, 60.00, 12.00),
	('60cee707-eeb2-4ae7-8b65-8605a66da738', '6b77ac54-db9e-4da8-814e-0a7fe2c8157f', '4f2033c1-02ff-4fd2-b97e-6cd02fe495fa', 'unidad', 2, 42.00, 84.00, 28.00),
	('62324f45-f81a-4557-8471-ee9c51c693e5', 'ffe530bd-f50e-4c7d-a9ff-d0e9149db226', 'a41920b4-8fba-4516-a591-658b6e3774f6', 'unidad', 2, 35.00, 70.00, 22.00),
	('62c168af-2bd7-4ecc-bbec-e339f7df0678', '13eb3097-b2c8-4a18-b752-47facf0f9c17', '3855d501-f81d-474f-bd47-d5d088fa370b', 'unidad', 3, 1000.00, 3000.00, 500.00),
	('637af29b-80fb-4c36-be25-214ad06f81ba', '63ec69a8-360a-4f24-9f03-f2bbab88852a', '4f2033c1-02ff-4fd2-b97e-6cd02fe495fa', 'unidad', 3, 42.00, 126.00, 28.00),
	('652e5900-6f89-457e-8872-de461ea0c630', '9a137d38-0420-49ea-a5e9-442000b68e32', '5a990c66-09ed-49cf-a841-5abcdc8197a6', 'unidad', 2, 10.00, 20.00, 6.00),
	('656c6610-4ba9-4140-b864-6f72feac6453', '087b4f51-542b-4fa6-9157-b4bf50315e73', '3855d501-f81d-474f-bd47-d5d088fa370b', 'unidad', 9, 1000.00, 9000.00, 500.00),
	('6608a158-1e7d-4be5-9f33-1825066d8d41', '04bcd4b8-d0b4-4387-bdcf-ca6bb84aa5ff', '5a990c66-09ed-49cf-a841-5abcdc8197a6', 'unidad', 3, 10.00, 30.00, 6.00),
	('66739b40-7fb1-4ca6-9813-f87183748640', 'e4d7a20f-fd4d-47a9-b5d1-1ce2a779d427', '5a990c66-09ed-49cf-a841-5abcdc8197a6', 'unidad', 1, 10.00, 10.00, 6.00),
	('6676eebb-442f-48d3-95c6-48ef26ce637d', 'fed0f2bd-19fd-4765-b303-d237fb4b8843', '4f2033c1-02ff-4fd2-b97e-6cd02fe495fa', 'unidad', 3, 42.00, 126.00, 28.00),
	('669a86d8-4294-4aaa-9c28-ce774708cbb7', '1dfb0877-5146-4d92-9feb-382bd9353811', '3855d501-f81d-474f-bd47-d5d088fa370b', 'unidad', 8, 1000.00, 8000.00, 500.00),
	('67832a27-d51f-48b9-bfff-296d8d9c4655', 'ffe530bd-f50e-4c7d-a9ff-d0e9149db226', '4ca918d8-3205-40ba-b81a-bd106f8d03cf', 'unidad', 2, 7.00, 14.00, 4.00),
	('68c2aeae-1cd7-459b-a409-27a779a15a55', 'e4d7a20f-fd4d-47a9-b5d1-1ce2a779d427', '8c0795a6-300c-47df-a62b-150539201fc8', 'unidad', 3, 20.00, 60.00, 12.00),
	('69d00d93-257b-4cf5-acf9-0d9a099d4e60', '3f9af1bc-09f1-44e9-a111-8d97d07de213', '2b59e012-78d2-4f12-bbc8-134c83281bfb', 'unidad', 3, 45.00, 135.00, 30.00),
	('6af26358-77f8-4756-984e-0318444b4ec2', '0fe1bd13-300a-4558-98a2-ab6117b21ecd', '588e2a02-5a32-41f5-9b89-004e06e6cc76', 'unidad', 3, 22.00, 66.00, 14.00),
	('6b86827c-9d3a-4032-87a0-309be8801d74', 'e506c4dc-6da2-4c6b-a957-11716624ac62', '5a990c66-09ed-49cf-a841-5abcdc8197a6', 'unidad', 3, 10.00, 30.00, 6.00),
	('6ce600a4-521c-4796-8645-bb146eb732c9', '78a4dfa0-2bb3-4f36-b049-d1a68e7272fa', '94bd1aa8-8ad0-465b-9204-85bf9f5f39aa', 'unidad', 1, 30.00, 30.00, 18.00),
	('6ce862d5-f42f-40ee-ae52-505f6ad8fa05', '2b374c40-5874-4e35-ac67-00b7a719a079', '4f2033c1-02ff-4fd2-b97e-6cd02fe495fa', 'unidad', 2, 42.00, 84.00, 28.00),
	('6d1e0f72-794f-4fa3-87e7-f8061471f413', '19bfc1fd-7c3d-415f-a5ec-a60e882e2f01', '8c0795a6-300c-47df-a62b-150539201fc8', 'unidad', 2, 20.00, 40.00, 12.00),
	('6dbce9ec-1d0b-4513-b5ba-f28cf15da84a', '61dc8c29-5f67-4d10-94ac-fc93d7745623', '588e2a02-5a32-41f5-9b89-004e06e6cc76', 'unidad', 1, 22.00, 22.00, 14.00),
	('6dd9fcab-561a-43d4-b73f-2addc97423b8', 'f5dadf02-04a7-4387-b7d6-7a0614dad2b9', '4f2033c1-02ff-4fd2-b97e-6cd02fe495fa', 'unidad', 1, 42.00, 42.00, 28.00),
	('6dfd147d-e013-4378-9591-d5f6a5950676', '0d8f3752-7c7a-42d7-8d74-e1d155515f9e', '8c0795a6-300c-47df-a62b-150539201fc8', 'unidad', 3, 20.00, 60.00, 12.00),
	('6dfd8bc8-be85-4104-b207-eeae7b223a2e', 'e319a6ca-f145-4b66-9144-847fb46fa6bb', '878be327-573d-417e-83c6-9bda41fd047d', 'unidad', 1, 8.00, 8.00, 5.00),
	('6e16f111-c42e-467e-9896-000e9b33a21c', '58dd1d38-69c6-4b2c-b9ef-f54bf24bd95e', '3855d501-f81d-474f-bd47-d5d088fa370b', 'unidad', 10, 1000.00, 10000.00, 500.00),
	('716aea04-e8d0-47a1-a791-130f955df8a5', 'e4d7a20f-fd4d-47a9-b5d1-1ce2a779d427', '878be327-573d-417e-83c6-9bda41fd047d', 'unidad', 1, 8.00, 8.00, 5.00),
	('723692a2-e87c-4ed9-9a42-d8174bbb65b9', '774ab197-5d82-4811-b8b8-e4c7f8634448', '94bd1aa8-8ad0-465b-9204-85bf9f5f39aa', 'unidad', 1, 30.00, 30.00, 18.00),
	('72d0bdaa-ff35-44cf-8a82-c4a74a2e95a0', '7a35227e-1a0a-4efc-8ee8-18f377e3568f', '878be327-573d-417e-83c6-9bda41fd047d', 'unidad', 3, 8.00, 24.00, 5.00),
	('731281a3-0991-40c5-974d-5b9a29ba065f', '9004752b-e566-4236-8576-001f294247c8', '5a990c66-09ed-49cf-a841-5abcdc8197a6', 'unidad', 3, 10.00, 30.00, 6.00),
	('731eee43-c9b0-4b92-915b-90ef9b00a464', '4890383c-c0b2-41be-90f1-0082a6ebaef6', '878be327-573d-417e-83c6-9bda41fd047d', 'unidad', 2, 8.00, 16.00, 5.00),
	('74afed60-461a-4697-b49a-8218eff19aa7', 'e3270d6b-fa97-4715-9a0c-e187cf0d7a98', '3855d501-f81d-474f-bd47-d5d088fa370b', 'unidad', 4, 1000.00, 4000.00, 500.00),
	('76b70f7a-db98-40b8-bbf5-4ae729ca1d77', '53eba637-5eb1-49a4-9c6d-2804b7c6a8a4', '3855d501-f81d-474f-bd47-d5d088fa370b', 'unidad', 4, 1000.00, 4000.00, 500.00),
	('77fcd367-5f5d-4874-9439-b69a49697b9b', 'd41cdc24-082d-4a94-a091-066e9603ebe9', '3855d501-f81d-474f-bd47-d5d088fa370b', 'unidad', 2, 1000.00, 2000.00, 500.00),
	('78a9439b-a2e1-4fbd-bf17-ac81057f58d2', '0deec037-ae66-4548-852d-5b731e46bded', '3855d501-f81d-474f-bd47-d5d088fa370b', 'unidad', 10, 1000.00, 10000.00, 500.00),
	('78c8ef51-1824-41de-bd34-72576dd0e743', '37b119f9-a556-4a12-ae55-ddfced3af079', '8c0795a6-300c-47df-a62b-150539201fc8', 'unidad', 2, 20.00, 40.00, 12.00),
	('796ba179-e559-4d77-a207-c500a41847a8', 'e4e34e36-59f5-44bb-9a3e-399f1019b2c4', '4f2033c1-02ff-4fd2-b97e-6cd02fe495fa', 'unidad', 2, 42.00, 84.00, 28.00),
	('797bf01f-9fa4-4f79-8524-e1749ee5202b', 'edba70f7-97de-4628-84f6-9a09462892b0', '2ab35ab3-c6ee-49ac-a377-e4b00ed91b5c', 'unidad', 3, 38.00, 114.00, 25.00),
	('79a29d79-6135-4e80-818d-e9e2514ff90a', '0d8f3752-7c7a-42d7-8d74-e1d155515f9e', '4f2033c1-02ff-4fd2-b97e-6cd02fe495fa', 'unidad', 2, 42.00, 84.00, 28.00),
	('7bc095a8-b924-4c07-91c4-a01772540225', '8c399ec5-0c7c-41c9-a253-9370f7ab94f0', '94bd1aa8-8ad0-465b-9204-85bf9f5f39aa', 'unidad', 3, 30.00, 90.00, 18.00),
	('7c3c4bc9-2f22-42b9-ae16-ceca11bf8201', '0057ad12-e36c-4cbb-9a78-cc876de0038d', '3855d501-f81d-474f-bd47-d5d088fa370b', 'unidad', 1, 1000.00, 1000.00, 500.00),
	('7c91463d-c883-4157-9484-80190aed5f1d', 'f5dadf02-04a7-4387-b7d6-7a0614dad2b9', '878be327-573d-417e-83c6-9bda41fd047d', 'unidad', 1, 8.00, 8.00, 5.00),
	('7ca742cd-f112-45c5-99e1-44d0b2fa6948', 'c646c516-94d2-4cbf-ac47-4b13b388d333', '2ab35ab3-c6ee-49ac-a377-e4b00ed91b5c', 'unidad', 3, 38.00, 114.00, 25.00),
	('7cbb7508-847e-4169-8acb-b9d434b1ea88', 'da5a7390-3020-4b5e-a1f3-1eeb0b5c844c', '2ab35ab3-c6ee-49ac-a377-e4b00ed91b5c', 'unidad', 2, 38.00, 76.00, 25.00),
	('7cbd562c-5726-4cca-afb8-3eeed83576d0', '4a432045-00e8-43af-a34b-509de4221d55', '94bd1aa8-8ad0-465b-9204-85bf9f5f39aa', 'unidad', 3, 30.00, 90.00, 18.00),
	('7cc8e3b3-fcda-4a09-97f7-03067e5b8f7d', 'e6c70b82-09ff-4bac-99d5-cc7a99d339dd', '588e2a02-5a32-41f5-9b89-004e06e6cc76', 'unidad', 2, 22.00, 44.00, 14.00),
	('7e5feb3f-b259-4e52-8b51-83318337e391', 'ca0e1a97-05b2-438b-95f9-4b7650287678', '3855d501-f81d-474f-bd47-d5d088fa370b', 'unidad', 3, 1000.00, 3000.00, 500.00),
	('801c99c0-1a6a-4482-8174-afdbef91e605', 'f54ca8d7-2d26-4d1f-9ede-80914ef2c3e7', '3855d501-f81d-474f-bd47-d5d088fa370b', 'unidad', 1, 1000.00, 1000.00, 500.00),
	('810a7fe2-1c1c-4214-a61c-4caeec97da11', '867db966-b51e-44ba-97c2-3ffd64497cd9', '5a990c66-09ed-49cf-a841-5abcdc8197a6', 'unidad', 3, 10.00, 30.00, 6.00),
	('8299d80c-4705-446a-b873-23ec640af7df', '6cdcb5b2-3ca8-4b49-821e-42f402d984d5', '3855d501-f81d-474f-bd47-d5d088fa370b', 'unidad', 3, 1000.00, 3000.00, 500.00),
	('82f2b4da-af9a-4d0d-84e1-cce93dacdbb1', '081b19e1-4c70-4cf9-8088-b94c905c22cd', '3855d501-f81d-474f-bd47-d5d088fa370b', 'unidad', 10, 1000.00, 10000.00, 500.00),
	('82f8dd4c-c9d3-44c6-8e19-f14f6b4a7aff', '3ee9417f-c509-47d7-964b-ffcb63b1bb3c', '3855d501-f81d-474f-bd47-d5d088fa370b', 'unidad', 4, 1000.00, 4000.00, 500.00),
	('83556dad-da5f-40ad-bf50-2466b40427c9', '4965a0ad-00a5-4fd9-bce3-9ad54ab570ad', '878be327-573d-417e-83c6-9bda41fd047d', 'unidad', 2, 8.00, 16.00, 5.00),
	('835fb327-eef4-4075-a0dc-fbdc18ca8481', '9b797340-e294-4cbe-a688-c6081151ead6', '3855d501-f81d-474f-bd47-d5d088fa370b', 'unidad', 9, 1000.00, 9000.00, 500.00),
	('84244c03-c29a-429a-8e40-4b60c788f7d0', 'db45d5ea-7846-4429-a9cf-c248e9e602f4', 'ae9f6064-a420-4ea9-9a95-c279a9990680', 'unidad', 3, 15.00, 45.00, 9.00),
	('8455d3bc-8a01-4163-ab77-1eb65c7a0025', 'e8d2a2b9-e808-4492-86f9-c3bc3951bf50', '2ab35ab3-c6ee-49ac-a377-e4b00ed91b5c', 'unidad', 3, 38.00, 114.00, 25.00),
	('8518c620-a008-4895-b48f-bd29fe532bce', '84e8c21e-f2c4-4f9f-84d3-cb88eb699447', 'ae9f6064-a420-4ea9-9a95-c279a9990680', 'unidad', 1, 15.00, 15.00, 9.00),
	('85fb179a-c6cf-466a-a146-c1958d379268', 'a98d5db5-e35f-4dd4-a9d6-4628f9d822f7', '2b59e012-78d2-4f12-bbc8-134c83281bfb', 'unidad', 2, 45.00, 90.00, 30.00),
	('868db262-4f86-4d5a-bb33-0cda39e2523a', 'ed97aaba-ef22-41a3-a3d7-e446c98d3678', '3855d501-f81d-474f-bd47-d5d088fa370b', 'unidad', 9, 1000.00, 9000.00, 500.00),
	('87f9913e-7ed0-489c-8b2e-19c542b33cc1', '13eac71f-bf22-40cc-b7cf-2abcc1ac050b', '3855d501-f81d-474f-bd47-d5d088fa370b', 'unidad', 8, 1000.00, 8000.00, 500.00),
	('8822da69-05e2-4919-9b4a-bf3d930917f8', 'fe000a85-7d81-49ac-898d-fb705996bee3', '3855d501-f81d-474f-bd47-d5d088fa370b', 'unidad', 2, 1000.00, 2000.00, 500.00),
	('8879754c-0683-4b9b-8c8e-4310c305e982', 'bdd18fde-3ff5-4853-8313-ac1a92faf990', '94bd1aa8-8ad0-465b-9204-85bf9f5f39aa', 'unidad', 3, 30.00, 90.00, 18.00),
	('88b2e964-9c16-4f2a-a15a-10972dca2d0f', 'c9eb7510-04c4-4019-ba56-c57a486670db', '3855d501-f81d-474f-bd47-d5d088fa370b', 'unidad', 3, 1000.00, 3000.00, 500.00),
	('88d1a3e1-6da8-4281-a71b-e1b480a22a43', '2ca1586e-5431-486e-bc70-5699818dcff1', '4ca918d8-3205-40ba-b81a-bd106f8d03cf', 'unidad', 2, 7.00, 14.00, 4.00),
	('8934ef59-5303-4df3-ab19-503119f7f61a', 'a92c71f4-e45b-47c2-b56d-06088d778f37', '2b59e012-78d2-4f12-bbc8-134c83281bfb', 'unidad', 3, 45.00, 135.00, 30.00),
	('8a4d90b5-9996-422c-bd0f-cc38cf495667', '2260290d-8b7e-45d9-8f3a-a9be9faa41cf', '3855d501-f81d-474f-bd47-d5d088fa370b', 'unidad', 7, 1000.00, 7000.00, 500.00),
	('8a768ab5-a6ee-49b2-b132-5bab0d467192', '8c2e6378-0950-40db-98a3-9a2dfcba08fd', '2ab35ab3-c6ee-49ac-a377-e4b00ed91b5c', 'unidad', 2, 38.00, 76.00, 25.00),
	('8a899bec-a323-4993-b766-58c1c7f29aa1', '5c8a5824-92cd-41e4-8440-e1192e4267bc', '94bd1aa8-8ad0-465b-9204-85bf9f5f39aa', 'unidad', 1, 30.00, 30.00, 18.00),
	('8c56e852-345b-4fdd-b174-c7992fc9c60b', '4e13571c-76f9-472e-8170-2758e06f6268', 'ae9f6064-a420-4ea9-9a95-c279a9990680', 'unidad', 2, 15.00, 30.00, 9.00),
	('8cb33546-b8d2-4931-9f5f-d3c091534da1', '397ec004-fcc5-434b-95d1-c6a750e570ae', '3855d501-f81d-474f-bd47-d5d088fa370b', 'unidad', 5, 1000.00, 5000.00, 500.00),
	('8dc23bfc-f5a9-41f4-b1d3-f46262437c76', '778f95f7-08c9-41f0-a8ff-6e0415eaf6a0', '3855d501-f81d-474f-bd47-d5d088fa370b', 'unidad', 8, 1000.00, 8000.00, 500.00),
	('8dc374fb-1e94-4db0-9a45-e3019f099528', '4896642c-d08a-4d19-9ba9-bc9dfb9c71f0', '3855d501-f81d-474f-bd47-d5d088fa370b', 'unidad', 7, 1000.00, 7000.00, 500.00),
	('8dd64ca0-95f5-4459-a48a-874b82daff74', '78a4dfa0-2bb3-4f36-b049-d1a68e7272fa', '588e2a02-5a32-41f5-9b89-004e06e6cc76', 'unidad', 1, 22.00, 22.00, 14.00),
	('8e562b28-39b7-45c3-8bb9-53140c5a7644', '4890383c-c0b2-41be-90f1-0082a6ebaef6', 'a41920b4-8fba-4516-a591-658b6e3774f6', 'unidad', 3, 35.00, 105.00, 22.00),
	('8eb6abd6-5d5c-44fb-b8c5-f880c7cfb0e7', '1c8d34eb-d274-4d6e-9207-fc75a2c4c33f', '3855d501-f81d-474f-bd47-d5d088fa370b', 'unidad', 10, 1000.00, 10000.00, 500.00),
	('8ed1650f-2f66-4f1b-9983-7d8eb14dec59', '774ab197-5d82-4811-b8b8-e4c7f8634448', '4f2033c1-02ff-4fd2-b97e-6cd02fe495fa', 'unidad', 3, 42.00, 126.00, 28.00),
	('8f74e966-fc61-4f54-ac70-1853045edb8c', '59f41d41-2067-4af9-bc7d-f237044ce542', '2b59e012-78d2-4f12-bbc8-134c83281bfb', 'unidad', 2, 45.00, 90.00, 30.00),
	('8f75f5a5-57a9-4e6b-a53b-c8b9ae8cf23d', '15d5d0cb-cf12-4fad-90e2-354f0c666478', '5a990c66-09ed-49cf-a841-5abcdc8197a6', 'unidad', 2, 10.00, 20.00, 6.00),
	('8f8c6f67-a7c4-4132-8c61-b8da26b0a60c', '58bc96a7-39e8-4317-8130-408cf3b8bc47', '3855d501-f81d-474f-bd47-d5d088fa370b', 'unidad', 5, 1000.00, 5000.00, 500.00),
	('901f6449-3199-48a8-920b-df8e6ceecf73', '2d1101ba-dbdc-4c37-a152-0abe690a72ac', '4f2033c1-02ff-4fd2-b97e-6cd02fe495fa', 'unidad', 1, 42.00, 42.00, 28.00),
	('908d7327-e7cb-4056-b0e2-76f05f03654c', 'a51b2720-1784-4b00-a60f-8079e3d428af', '5a990c66-09ed-49cf-a841-5abcdc8197a6', 'unidad', 2, 10.00, 20.00, 6.00),
	('909b0daf-c6ba-4b9d-b56e-3e4b3e93d8c9', 'c57c8556-a25a-4afc-a00a-4a39b57618de', '3855d501-f81d-474f-bd47-d5d088fa370b', 'unidad', 8, 1000.00, 8000.00, 500.00),
	('90b36291-3fda-45e2-b80c-e1f0a44b3e2c', 'cae52d94-4750-48f4-b893-8316667ac036', '588e2a02-5a32-41f5-9b89-004e06e6cc76', 'unidad', 3, 22.00, 66.00, 14.00),
	('9180aece-9965-4703-98ef-b485b8078926', '40adc448-9955-4b8a-a939-92ec3883a339', '3855d501-f81d-474f-bd47-d5d088fa370b', 'unidad', 2, 1000.00, 2000.00, 500.00),
	('92219d82-5e71-465e-8e76-51efae7aaa69', '9d186f76-246e-4b46-8735-9e995c415360', '4ca918d8-3205-40ba-b81a-bd106f8d03cf', 'unidad', 1, 7.00, 7.00, 4.00),
	('93c4553e-4bd3-4865-9320-69e1e5246d11', 'c90f38e5-4a38-49d4-bd51-23ca84268c8f', '4f2033c1-02ff-4fd2-b97e-6cd02fe495fa', 'unidad', 1, 42.00, 42.00, 28.00),
	('94e65e9c-61ee-4c18-b7fd-8e1488041bee', '6c6f0290-c8bf-4918-90f5-d771276d11ba', '94bd1aa8-8ad0-465b-9204-85bf9f5f39aa', 'unidad', 3, 30.00, 90.00, 18.00),
	('958181a0-6ef2-4f7b-8718-cc8f0bade57c', '15261382-31a5-4bd1-806e-a02337d8bd8a', '94bd1aa8-8ad0-465b-9204-85bf9f5f39aa', 'unidad', 2, 30.00, 60.00, 18.00),
	('969d941c-d1e6-4bad-a8ef-7bd4e3ac55fc', '04d14076-6a22-48e5-847d-faf736ca756f', '8c0795a6-300c-47df-a62b-150539201fc8', 'unidad', 2, 20.00, 40.00, 12.00),
	('96d1942a-028e-4c3f-9316-1ab665e41fae', '9c1f7a5d-51d3-41cd-a10d-9da5c2cc308a', '878be327-573d-417e-83c6-9bda41fd047d', 'unidad', 1, 8.00, 8.00, 5.00),
	('98b34b38-6e30-416a-b8b2-756c6d38ee9c', 'c70624d4-fe9c-424a-b634-f5b2b948b731', '878be327-573d-417e-83c6-9bda41fd047d', 'unidad', 3, 8.00, 24.00, 5.00),
	('9948bb06-02b5-4f95-8074-9b9da7ffa895', '2b374c40-5874-4e35-ac67-00b7a719a079', '94bd1aa8-8ad0-465b-9204-85bf9f5f39aa', 'unidad', 3, 30.00, 90.00, 18.00),
	('9aa0cd3e-9677-4e31-84ac-c1ccff090d38', '1c8450d8-3f9e-47ca-81b3-763329cc58a0', '588e2a02-5a32-41f5-9b89-004e06e6cc76', 'unidad', 1, 22.00, 22.00, 14.00),
	('9b873898-15a8-4412-af29-48104cef65f9', '130d957f-fa27-4362-958d-9ec47254eaeb', '3855d501-f81d-474f-bd47-d5d088fa370b', 'unidad', 9, 1000.00, 9000.00, 500.00),
	('9b9ee0a9-cfb1-4cb5-86fd-be556f86b391', '32b21756-daaf-4a87-b061-ec0973d25d4e', '3855d501-f81d-474f-bd47-d5d088fa370b', 'unidad', 7, 1000.00, 7000.00, 500.00),
	('9be9d488-3f24-4198-8a9e-5bd3d459f724', '6abe4615-b798-4741-8abf-aec5e8c284f4', '3855d501-f81d-474f-bd47-d5d088fa370b', 'unidad', 2, 1000.00, 2000.00, 500.00),
	('9c00fa53-edea-4c44-b8c9-4e40a80de64a', '747bc1f7-063d-477a-8ff7-b24931d0868e', '94bd1aa8-8ad0-465b-9204-85bf9f5f39aa', 'unidad', 3, 30.00, 90.00, 18.00),
	('9c603ff2-93d9-472a-a324-9e62da564a99', '6c6f0290-c8bf-4918-90f5-d771276d11ba', '5a990c66-09ed-49cf-a841-5abcdc8197a6', 'unidad', 2, 10.00, 20.00, 6.00),
	('9cc8274e-279e-41f2-aa1d-0f8448d643a9', 'c70624d4-fe9c-424a-b634-f5b2b948b731', 'ae9f6064-a420-4ea9-9a95-c279a9990680', 'unidad', 1, 15.00, 15.00, 9.00),
	('9e18311c-ab44-4a52-b15a-82d480cfe40d', 'ebff609e-42c0-4a26-948a-976859deaa3f', 'ae9f6064-a420-4ea9-9a95-c279a9990680', 'unidad', 2, 15.00, 30.00, 9.00),
	('9e39ff7d-f3a3-4102-8acc-6b2fd4dc8a8c', '4301b00e-3f73-4e1f-8f1a-4ca6429dcba0', '3855d501-f81d-474f-bd47-d5d088fa370b', 'unidad', 3, 1000.00, 3000.00, 500.00),
	('9e4c012b-2084-4c2a-8adb-7ca2b861d6f7', 'c527646e-0978-4c08-bbe4-40c32f1d1cd2', '588e2a02-5a32-41f5-9b89-004e06e6cc76', 'unidad', 2, 22.00, 44.00, 14.00),
	('9e655c36-8d80-4da5-a965-733225997a14', 'c70624d4-fe9c-424a-b634-f5b2b948b731', '2b59e012-78d2-4f12-bbc8-134c83281bfb', 'unidad', 3, 45.00, 135.00, 30.00),
	('9f1a5023-e95a-415a-9671-1139e5dcb6bc', 'ffe530bd-f50e-4c7d-a9ff-d0e9149db226', '588e2a02-5a32-41f5-9b89-004e06e6cc76', 'unidad', 1, 22.00, 22.00, 14.00),
	('9f34eba9-5891-4425-b835-e32ab90983ba', 'de07ff03-cdcd-455b-bbbf-fc49eea25c65', '94bd1aa8-8ad0-465b-9204-85bf9f5f39aa', 'unidad', 2, 30.00, 60.00, 18.00),
	('9f45a337-a1b3-4572-ade0-5b69f1b98301', '1f65bccc-dea1-42fb-9fba-77130cd5ac9f', '3855d501-f81d-474f-bd47-d5d088fa370b', 'caja', 2, 5000.00, 10000.00, 500.00),
	('9fe76ba4-bd52-43df-bf13-33e1b6c7db14', 'faeb75f7-1d72-4f7a-a685-f4010213a2ac', '3855d501-f81d-474f-bd47-d5d088fa370b', 'unidad', 6, 1000.00, 6000.00, 500.00),
	('a07e0450-6336-4e8c-9cbb-e85b9c23b304', '0b084508-b074-49e6-82f8-664affe886ad', '3855d501-f81d-474f-bd47-d5d088fa370b', 'unidad', 5, 1000.00, 5000.00, 500.00),
	('a0a3cc94-ea06-436a-90cb-413e0921b421', '1ce45c6f-80c5-4f9d-aec4-1b06f67d5ceb', '3855d501-f81d-474f-bd47-d5d088fa370b', 'unidad', 5, 1000.00, 5000.00, 500.00),
	('a0b47387-0685-421e-8444-f9565a58e677', '8c2e6378-0950-40db-98a3-9a2dfcba08fd', '4ca918d8-3205-40ba-b81a-bd106f8d03cf', 'unidad', 2, 7.00, 14.00, 4.00),
	('a162a7cb-3e13-46f3-8446-a84ee7de36fc', '8b731a47-09b9-4b78-8acf-ca9c2e82cd33', '2b59e012-78d2-4f12-bbc8-134c83281bfb', 'unidad', 1, 45.00, 45.00, 30.00),
	('a1e9fa96-8588-4b09-a297-cdf0a0bb7b41', '63ec69a8-360a-4f24-9f03-f2bbab88852a', '2b59e012-78d2-4f12-bbc8-134c83281bfb', 'unidad', 1, 45.00, 45.00, 30.00),
	('a33813c3-3cd0-4405-98ae-bee0d5a141e7', '58edbe23-623d-4fb2-89b3-1c8ce247dfbe', 'ae9f6064-a420-4ea9-9a95-c279a9990680', 'unidad', 3, 15.00, 45.00, 9.00),
	('a39ad383-0048-45c4-ab04-8aef023cac4c', 'd9f99144-4063-4c46-866e-a5a51f4dc74a', '878be327-573d-417e-83c6-9bda41fd047d', 'unidad', 2, 8.00, 16.00, 5.00),
	('a463b2b6-f9d3-4530-ae2b-af76a7db1823', '2c1add7f-d609-471f-91ab-220638de6fef', '588e2a02-5a32-41f5-9b89-004e06e6cc76', 'unidad', 3, 22.00, 66.00, 14.00),
	('a4c2843c-091e-495d-b62c-7668a48df8b4', 'c6f983b4-adc9-4f8e-8ced-3e981f47f1f9', 'a41920b4-8fba-4516-a591-658b6e3774f6', 'unidad', 3, 35.00, 105.00, 22.00),
	('a4c990f1-203e-4bfe-b0c5-c409e7f35beb', '7b31d631-9987-43c3-9748-6666ff31a890', '878be327-573d-417e-83c6-9bda41fd047d', 'unidad', 3, 8.00, 24.00, 5.00),
	('a4d31662-c5d0-45de-8ce0-71d83ac6c8d2', '57fca29c-8791-4bcb-b4db-81035cd5eb6a', '5a990c66-09ed-49cf-a841-5abcdc8197a6', 'unidad', 1, 10.00, 10.00, 6.00),
	('a5ebc34c-5794-44f6-88e0-d9ddcb1614d3', 'a1f8dbd8-2ec1-4474-8986-555250a0cab8', '3855d501-f81d-474f-bd47-d5d088fa370b', 'unidad', 4, 1000.00, 4000.00, 500.00),
	('a664ef6e-1911-4bec-9555-7801d8f8f201', 'e98df261-b83a-45fc-b7b2-20a6315e77fa', '8c0795a6-300c-47df-a62b-150539201fc8', 'unidad', 2, 20.00, 40.00, 12.00),
	('a698fd2a-5f95-4c69-955b-ad5fac156100', '58edbe23-623d-4fb2-89b3-1c8ce247dfbe', '4ca918d8-3205-40ba-b81a-bd106f8d03cf', 'unidad', 3, 7.00, 21.00, 4.00),
	('a6d0da82-69e0-4efb-95b4-abc3aa078cb5', '4e13571c-76f9-472e-8170-2758e06f6268', '8c0795a6-300c-47df-a62b-150539201fc8', 'unidad', 3, 20.00, 60.00, 12.00),
	('a7f236b3-d81c-43d4-9271-cf404206d956', '7d9b00a3-5a2c-4bb7-871c-be4adcc9ff94', '878be327-573d-417e-83c6-9bda41fd047d', 'unidad', 1, 8.00, 8.00, 5.00),
	('aa30faff-04d3-4341-82e8-bc64759b68d1', '2dc7aa79-2b6f-4e69-9063-ebd7611c4eff', '3855d501-f81d-474f-bd47-d5d088fa370b', 'unidad', 3, 1000.00, 3000.00, 500.00),
	('aa65266d-b5e1-41be-b1d1-d07879a910f5', 'ffe530bd-f50e-4c7d-a9ff-d0e9149db226', '2ab35ab3-c6ee-49ac-a377-e4b00ed91b5c', 'unidad', 2, 38.00, 76.00, 25.00),
	('aad62b24-5a5e-42d1-b5ad-2c848d1f4646', 'e82b2050-1dd3-4c5d-8393-3fda8f7a0421', '2ab35ab3-c6ee-49ac-a377-e4b00ed91b5c', 'unidad', 1, 38.00, 38.00, 25.00),
	('ab66e1f0-9fe0-4c5d-9239-5c5b3de8ac79', '93b3dc15-2653-4dc9-a1b3-402c18bfe322', '5a990c66-09ed-49cf-a841-5abcdc8197a6', 'unidad', 1, 10.00, 10.00, 6.00),
	('abed0285-b07c-4205-b961-7ff986ac5c88', '304c2271-1d5e-41c8-882f-f6523eb4e60c', '3855d501-f81d-474f-bd47-d5d088fa370b', 'unidad', 9, 1000.00, 9000.00, 500.00),
	('adbb834b-8526-429f-bde2-7df6a17dbdc0', '2d1101ba-dbdc-4c37-a152-0abe690a72ac', '5a990c66-09ed-49cf-a841-5abcdc8197a6', 'unidad', 1, 10.00, 10.00, 6.00),
	('add540a6-b719-44b3-8a2c-47b16de509a0', 'd4cd78b5-961e-4a50-92f1-e995ae8c7247', '3855d501-f81d-474f-bd47-d5d088fa370b', 'unidad', 1, 1000.00, 1000.00, 500.00),
	('af261476-d033-4637-9c9b-62a03ae061f0', '3ed89f10-9054-454b-8558-02c4a88fdafa', '588e2a02-5a32-41f5-9b89-004e06e6cc76', 'unidad', 2, 22.00, 44.00, 14.00),
	('af267a2e-5041-481a-bdb3-1a43da6163ed', 'db45d5ea-7846-4429-a9cf-c248e9e602f4', '878be327-573d-417e-83c6-9bda41fd047d', 'unidad', 1, 8.00, 8.00, 5.00),
	('af562f7c-1c6d-4d01-9c44-1292523b308b', 'd568af1a-733c-46d9-8eca-0dbd8f3f9a92', '2b59e012-78d2-4f12-bbc8-134c83281bfb', 'unidad', 1, 45.00, 45.00, 30.00),
	('af775dc7-a3a7-43da-88fd-eaebd42e722f', 'd568af1a-733c-46d9-8eca-0dbd8f3f9a92', 'ae9f6064-a420-4ea9-9a95-c279a9990680', 'unidad', 3, 15.00, 45.00, 9.00),
	('b203eebd-9e81-4c98-9f7d-0742ac95e126', 'c646c516-94d2-4cbf-ac47-4b13b388d333', 'a41920b4-8fba-4516-a591-658b6e3774f6', 'unidad', 2, 35.00, 70.00, 22.00),
	('b270f5a1-5c31-4db7-8cb0-5d08153d77f6', '61dc8c29-5f67-4d10-94ac-fc93d7745623', '2b59e012-78d2-4f12-bbc8-134c83281bfb', 'unidad', 1, 45.00, 45.00, 30.00),
	('b280bd53-7b8c-4f7e-8f8a-41ae0d1c6354', 'ac03ac6a-c2dc-4429-a98d-02c1a38267d8', '94bd1aa8-8ad0-465b-9204-85bf9f5f39aa', 'unidad', 2, 30.00, 60.00, 18.00),
	('b29b1e88-4e2e-42e0-9511-4a53dc083764', '04bcd4b8-d0b4-4387-bdcf-ca6bb84aa5ff', 'ae9f6064-a420-4ea9-9a95-c279a9990680', 'unidad', 1, 15.00, 15.00, 9.00),
	('b332ff21-9c77-4259-9bf5-58600293f4c8', 'fe79625a-bce1-429e-aa80-0737ba7bc0e8', '3855d501-f81d-474f-bd47-d5d088fa370b', 'unidad', 4, 1000.00, 4000.00, 500.00),
	('b4349767-7cf3-45fd-8483-24e97258f24d', '92917fbd-03c7-456b-93de-b3cfa59d52e1', '3855d501-f81d-474f-bd47-d5d088fa370b', 'unidad', 7, 1000.00, 7000.00, 500.00),
	('b470adce-9c48-4606-9d1e-5d2ca3940d66', 'da5a7390-3020-4b5e-a1f3-1eeb0b5c844c', '94bd1aa8-8ad0-465b-9204-85bf9f5f39aa', 'unidad', 1, 30.00, 30.00, 18.00),
	('b4846634-eb17-42ee-b59b-1b0f3b1ff184', 'e506c4dc-6da2-4c6b-a957-11716624ac62', '878be327-573d-417e-83c6-9bda41fd047d', 'unidad', 3, 8.00, 24.00, 5.00),
	('b4a4775e-9e3b-4e1a-ad97-87e51f38fb71', '3ed89f10-9054-454b-8558-02c4a88fdafa', 'ae9f6064-a420-4ea9-9a95-c279a9990680', 'unidad', 3, 15.00, 45.00, 9.00),
	('b4a97608-df6d-4bae-8bb5-11af77e122f0', '261e8934-9eb7-459d-85b7-9c2b4aad3ba0', 'a41920b4-8fba-4516-a591-658b6e3774f6', 'unidad', 2, 35.00, 70.00, 22.00),
	('b4d1cf46-ef08-4862-b7a5-55915ad9254d', 'c947526e-b8c9-4191-b7f4-687d7fc6aece', '3855d501-f81d-474f-bd47-d5d088fa370b', 'unidad', 4, 1000.00, 4000.00, 500.00),
	('b579c5b9-c59e-4a08-8867-6d8cdec79759', '61a4ede3-720f-4bce-8b8d-43780d383759', '3855d501-f81d-474f-bd47-d5d088fa370b', 'unidad', 9, 1000.00, 9000.00, 500.00),
	('b5a29bc9-82ef-460c-a11d-ddc1b4a7a0d2', 'cc30bfe0-26da-4785-9e6b-47d941ab5392', '2b59e012-78d2-4f12-bbc8-134c83281bfb', 'unidad', 1, 45.00, 45.00, 30.00),
	('b5ce838c-6404-426f-ad0a-59326d5009ad', '686d9579-22cf-4af1-bc96-a686f6bc8c2e', '2ab35ab3-c6ee-49ac-a377-e4b00ed91b5c', 'unidad', 2, 38.00, 76.00, 25.00),
	('b6312573-6a5e-4a3c-aae2-0f90b1c6d788', '4ac35bb4-042c-48d9-9348-317280a1f1eb', '5a990c66-09ed-49cf-a841-5abcdc8197a6', 'unidad', 3, 10.00, 30.00, 6.00),
	('b64430dc-62df-4aca-95a7-3ea108245b31', '3f9af1bc-09f1-44e9-a111-8d97d07de213', '5a990c66-09ed-49cf-a841-5abcdc8197a6', 'unidad', 1, 10.00, 10.00, 6.00),
	('b6a4f14e-78ad-4fed-8894-edfac4c9abfa', '9a137d38-0420-49ea-a5e9-442000b68e32', '4f2033c1-02ff-4fd2-b97e-6cd02fe495fa', 'unidad', 3, 42.00, 126.00, 28.00),
	('b8265913-4919-4765-abea-dfcce849cd43', '03f2ea26-ddab-4aa8-a9f6-29c2450e51b4', '2ab35ab3-c6ee-49ac-a377-e4b00ed91b5c', 'unidad', 1, 38.00, 38.00, 25.00),
	('b953c881-291d-4516-8cc4-4d168d82c477', '59f41d41-2067-4af9-bc7d-f237044ce542', '878be327-573d-417e-83c6-9bda41fd047d', 'unidad', 3, 8.00, 24.00, 5.00),
	('ba5f3fec-9b1f-429b-bd45-ae1242486b78', 'cae52d94-4750-48f4-b893-8316667ac036', '2b59e012-78d2-4f12-bbc8-134c83281bfb', 'unidad', 1, 45.00, 45.00, 30.00),
	('ba6c6a73-d30e-4a76-b72e-a26039af7805', '56a81692-4799-4319-8f94-123f18aab273', '2ab35ab3-c6ee-49ac-a377-e4b00ed91b5c', 'unidad', 3, 38.00, 114.00, 25.00),
	('bb751684-81f4-4507-84f3-e30dad47c600', 'a51b2720-1784-4b00-a60f-8079e3d428af', 'ae9f6064-a420-4ea9-9a95-c279a9990680', 'unidad', 1, 15.00, 15.00, 9.00),
	('bc4ed989-0848-4742-9afe-9af8004a5553', 'e768d8a6-78d8-436c-aecf-2edf5458b0f1', 'a41920b4-8fba-4516-a591-658b6e3774f6', 'unidad', 2, 35.00, 70.00, 22.00),
	('bcb83d73-c4b1-45e8-8586-0ae434454843', 'a42237ac-5f1a-4ad9-870a-ac9da64551f9', '8c0795a6-300c-47df-a62b-150539201fc8', 'unidad', 3, 20.00, 60.00, 12.00),
	('be618345-aa60-4bc6-9c3a-46c8a1c338de', '61dc8c29-5f67-4d10-94ac-fc93d7745623', 'a41920b4-8fba-4516-a591-658b6e3774f6', 'unidad', 3, 35.00, 105.00, 22.00),
	('bead4643-a3d4-4b98-8124-c3ce1cf93aa0', 'edba70f7-97de-4628-84f6-9a09462892b0', 'a41920b4-8fba-4516-a591-658b6e3774f6', 'unidad', 3, 35.00, 105.00, 22.00),
	('bef23c37-cf75-460d-900f-6b70604ff1ae', '6c6f0290-c8bf-4918-90f5-d771276d11ba', 'ae9f6064-a420-4ea9-9a95-c279a9990680', 'unidad', 3, 15.00, 45.00, 9.00),
	('bf5a5ebf-c7b9-482d-8f38-7c0d70892b6c', 'ebff609e-42c0-4a26-948a-976859deaa3f', '4f2033c1-02ff-4fd2-b97e-6cd02fe495fa', 'unidad', 1, 42.00, 42.00, 28.00),
	('bfe56618-a00f-4105-a131-d9978c5b6fc6', '389f5920-e89e-40ad-8520-ab1cf6c22e75', '3855d501-f81d-474f-bd47-d5d088fa370b', 'unidad', 10, 1000.00, 10000.00, 500.00),
	('c028a3aa-d92d-46a7-bc77-13e214f0eae1', '76dee9a8-0017-41f9-bf98-b98b763b0669', '3855d501-f81d-474f-bd47-d5d088fa370b', 'unidad', 8, 1000.00, 8000.00, 500.00),
	('c1ef6623-1d16-4e0b-bda5-33715cb59af2', '0fe1bd13-300a-4558-98a2-ab6117b21ecd', '4ca918d8-3205-40ba-b81a-bd106f8d03cf', 'unidad', 2, 7.00, 14.00, 4.00),
	('c24fe3dd-8776-4ee8-94bb-a6f7817e494a', '138fcd7d-9006-4e25-9dbb-9d49af8b56e2', '3855d501-f81d-474f-bd47-d5d088fa370b', 'unidad', 10, 1000.00, 10000.00, 500.00),
	('c310b3d6-eaac-4bef-9aab-02f64c417e30', '15d5d0cb-cf12-4fad-90e2-354f0c666478', '4ca918d8-3205-40ba-b81a-bd106f8d03cf', 'unidad', 2, 7.00, 14.00, 4.00),
	('c3a98658-f88f-479e-a6a7-6308cfb7858d', 'c527646e-0978-4c08-bbe4-40c32f1d1cd2', 'a41920b4-8fba-4516-a591-658b6e3774f6', 'unidad', 2, 35.00, 70.00, 22.00),
	('c4103f11-9bf7-4a54-bae5-206d00897d0d', '67262bbe-0615-4730-b0c7-2aea44312df2', '3855d501-f81d-474f-bd47-d5d088fa370b', 'unidad', 10, 1000.00, 10000.00, 500.00),
	('c45ed6ba-4c41-4718-9a40-157b94c694da', '9a137d38-0420-49ea-a5e9-442000b68e32', '94bd1aa8-8ad0-465b-9204-85bf9f5f39aa', 'unidad', 1, 30.00, 30.00, 18.00),
	('c4d6f512-4722-4f0d-a9f2-3bdb42ec8739', '7c3ae3f0-d7d8-48bd-9bb5-5531f8f1a6f3', '3855d501-f81d-474f-bd47-d5d088fa370b', 'unidad', 1, 1000.00, 1000.00, 500.00),
	('c61f28df-895c-4210-8ccd-5601ac91a4e5', '93be1cc7-20f1-49eb-85d5-c77cf3c11116', '5a990c66-09ed-49cf-a841-5abcdc8197a6', 'unidad', 1, 10.00, 10.00, 6.00),
	('c6665c4b-c0ac-4ef1-92f0-ff27728b8875', 'c4059ec9-6bb4-4c84-b826-e04835d5272b', '878be327-573d-417e-83c6-9bda41fd047d', 'unidad', 2, 8.00, 16.00, 5.00),
	('c921c0cb-776f-4c00-8613-5873a2ec2121', '734b44b7-e93e-4d82-a1a0-2ab07d8ff8be', '3855d501-f81d-474f-bd47-d5d088fa370b', 'unidad', 7, 1000.00, 7000.00, 500.00),
	('ca7d58ce-3150-43ec-b78a-464b5af136be', '7998e93c-20c5-4906-bc43-e6af95dc809f', '3855d501-f81d-474f-bd47-d5d088fa370b', 'unidad', 2, 1000.00, 2000.00, 500.00),
	('cac621af-6617-4604-990a-dbe298e8086a', '021cc923-0d10-47b4-8eeb-9fcbdbcf36ea', '878be327-573d-417e-83c6-9bda41fd047d', 'unidad', 1, 8.00, 8.00, 5.00),
	('cbaa524c-d1b1-4644-9afa-2c873e30b89b', 'e82b2050-1dd3-4c5d-8393-3fda8f7a0421', '878be327-573d-417e-83c6-9bda41fd047d', 'unidad', 2, 8.00, 16.00, 5.00),
	('cc1aa91a-a666-46e9-a242-26e533f27dc2', 'e98df261-b83a-45fc-b7b2-20a6315e77fa', 'ae9f6064-a420-4ea9-9a95-c279a9990680', 'unidad', 2, 15.00, 30.00, 9.00),
	('cd900e24-762e-49ae-a29f-a500bc84b45e', '69251bca-f650-41fd-841e-cd2522deb7c7', '94bd1aa8-8ad0-465b-9204-85bf9f5f39aa', 'unidad', 3, 30.00, 90.00, 18.00),
	('ce7f61bd-b982-4faa-9539-5aefd1fb805e', '2ca1586e-5431-486e-bc70-5699818dcff1', 'ae9f6064-a420-4ea9-9a95-c279a9990680', 'unidad', 3, 15.00, 45.00, 9.00),
	('cf1903b5-cd33-4390-b2a0-d9821f423e91', 'fed0f2bd-19fd-4765-b303-d237fb4b8843', '94bd1aa8-8ad0-465b-9204-85bf9f5f39aa', 'unidad', 1, 30.00, 30.00, 18.00),
	('cf4ffe59-2ea3-4809-990c-94b7cdf5313d', 'e98df261-b83a-45fc-b7b2-20a6315e77fa', '5a990c66-09ed-49cf-a841-5abcdc8197a6', 'unidad', 3, 10.00, 30.00, 6.00),
	('cf778ee3-6592-4b22-a574-34cdcb6a6b12', '8e74dd87-7803-43d8-a450-b1005a399092', '94bd1aa8-8ad0-465b-9204-85bf9f5f39aa', 'unidad', 3, 30.00, 90.00, 18.00),
	('cfad0ad8-2c3a-4d6f-a657-f70a24ac326a', '316e7861-bbfd-4bb0-9ad4-7ad0c4f4811e', '3855d501-f81d-474f-bd47-d5d088fa370b', 'unidad', 5, 1000.00, 5000.00, 500.00),
	('d07bd053-91a2-47a9-8a29-4907ae36dc60', '501e15de-94a4-46a7-931d-17af2a1712c9', '3855d501-f81d-474f-bd47-d5d088fa370b', 'unidad', 7, 1000.00, 7000.00, 500.00),
	('d0b0f221-45fe-41a5-8019-6d8aca442f95', '37b119f9-a556-4a12-ae55-ddfced3af079', '4f2033c1-02ff-4fd2-b97e-6cd02fe495fa', 'unidad', 3, 42.00, 126.00, 28.00),
	('d0eb3d7b-c5d8-4616-8a53-664710802554', 'd9b222a8-fb53-4071-bc77-7208e185db15', '3855d501-f81d-474f-bd47-d5d088fa370b', 'unidad', 9, 1000.00, 9000.00, 500.00),
	('d125744e-7b3d-427d-9b20-97c0bca1df0b', '062b2b60-2cf7-4fbf-8b64-7fb5181bc56a', '3855d501-f81d-474f-bd47-d5d088fa370b', 'unidad', 3, 1000.00, 3000.00, 500.00),
	('d35b34a4-77a0-4e31-a9bf-48dd42f5ca6b', 'a42237ac-5f1a-4ad9-870a-ac9da64551f9', '588e2a02-5a32-41f5-9b89-004e06e6cc76', 'unidad', 1, 22.00, 22.00, 14.00),
	('d3936b1f-94dc-4e34-9fb7-c68cd1dbf808', '8897b5a9-6355-4176-a613-29415fc7c415', '5a990c66-09ed-49cf-a841-5abcdc8197a6', 'unidad', 1, 10.00, 10.00, 6.00),
	('d5099057-5868-490f-b59d-0af42f2da42f', '686d9579-22cf-4af1-bc96-a686f6bc8c2e', '4f2033c1-02ff-4fd2-b97e-6cd02fe495fa', 'unidad', 1, 42.00, 42.00, 28.00),
	('d52527a9-20df-4263-8808-9b2a8c8be00c', '3bed38d0-6e31-4e92-962c-36031fabd5ee', '588e2a02-5a32-41f5-9b89-004e06e6cc76', 'unidad', 3, 22.00, 66.00, 14.00),
	('d5e975ba-9d0a-403d-9cb5-5a31dffad4ef', '4890383c-c0b2-41be-90f1-0082a6ebaef6', '4ca918d8-3205-40ba-b81a-bd106f8d03cf', 'unidad', 1, 7.00, 7.00, 4.00),
	('d65d485a-b51d-4ee7-b249-8f6be43b22fe', 'c5682b6e-ee08-479b-804a-01237fa30955', '3855d501-f81d-474f-bd47-d5d088fa370b', 'unidad', 9, 1000.00, 9000.00, 500.00),
	('d75162a1-136c-4a46-9df4-77113125980d', '8edb8d51-1906-4a16-842f-236d5a3a75d9', '3855d501-f81d-474f-bd47-d5d088fa370b', 'unidad', 7, 1000.00, 7000.00, 500.00),
	('d75d6640-5a15-4334-bcad-0db0c5792f13', '57fca29c-8791-4bcb-b4db-81035cd5eb6a', '4ca918d8-3205-40ba-b81a-bd106f8d03cf', 'unidad', 1, 7.00, 7.00, 4.00),
	('d92337dd-e3cb-443a-ac35-0a4ab4959afc', '767d5649-6b9e-4e68-9ae6-d76719dbe08a', '3855d501-f81d-474f-bd47-d5d088fa370b', 'unidad', 6, 1000.00, 6000.00, 500.00),
	('d98dcd34-3b5c-43b1-a61f-3398dd54094a', '4a432045-00e8-43af-a34b-509de4221d55', '4f2033c1-02ff-4fd2-b97e-6cd02fe495fa', 'unidad', 2, 42.00, 84.00, 28.00),
	('d9a34f07-ac2e-40e4-a3be-fb139fbb4e46', '5c69a25c-d235-4d65-9fec-33df1729252c', '3855d501-f81d-474f-bd47-d5d088fa370b', 'unidad', 6, 1000.00, 6000.00, 500.00),
	('db417f4d-b8c9-491a-ae17-2d2b8689037b', '15261382-31a5-4bd1-806e-a02337d8bd8a', '588e2a02-5a32-41f5-9b89-004e06e6cc76', 'unidad', 3, 22.00, 66.00, 14.00),
	('dba22597-7539-47b9-9253-8bd45fe8598e', '9d186f76-246e-4b46-8735-9e995c415360', 'a41920b4-8fba-4516-a591-658b6e3774f6', 'unidad', 2, 35.00, 70.00, 22.00),
	('dc29f5df-3e07-482e-908c-d47f0a31b370', '253ac319-0eaa-4a5f-960b-f7e1015c9d8d', '94bd1aa8-8ad0-465b-9204-85bf9f5f39aa', 'unidad', 2, 30.00, 60.00, 18.00),
	('dcfb9d64-26c6-4258-8a5e-aa881febf940', 'e82b2050-1dd3-4c5d-8393-3fda8f7a0421', '5a990c66-09ed-49cf-a841-5abcdc8197a6', 'unidad', 2, 10.00, 20.00, 6.00),
	('dd86bcba-2757-4812-9189-adc69f2b43c9', '253ac319-0eaa-4a5f-960b-f7e1015c9d8d', '4f2033c1-02ff-4fd2-b97e-6cd02fe495fa', 'unidad', 2, 42.00, 84.00, 28.00),
	('ddad9307-aaa8-46b9-a45d-26aceb16ba91', '93ed1283-9ac2-4aca-8961-9996710b6730', '8c0795a6-300c-47df-a62b-150539201fc8', 'unidad', 2, 20.00, 40.00, 12.00),
	('deb11c2c-c87c-45c9-a78e-243b43596a9c', 'cc30bfe0-26da-4785-9e6b-47d941ab5392', '878be327-573d-417e-83c6-9bda41fd047d', 'unidad', 3, 8.00, 24.00, 5.00),
	('df503dcf-2f86-4288-a8b2-1965d17c19eb', 'e506c4dc-6da2-4c6b-a957-11716624ac62', '4ca918d8-3205-40ba-b81a-bd106f8d03cf', 'unidad', 3, 7.00, 21.00, 4.00),
	('df635549-c4e9-4946-ad0b-113962d8d67c', '78a4dfa0-2bb3-4f36-b049-d1a68e7272fa', '5a990c66-09ed-49cf-a841-5abcdc8197a6', 'unidad', 1, 10.00, 10.00, 6.00),
	('df7129d6-ad0a-4d92-9af4-c1e842d99611', 'ebff609e-42c0-4a26-948a-976859deaa3f', '8c0795a6-300c-47df-a62b-150539201fc8', 'unidad', 2, 20.00, 40.00, 12.00),
	('df71ba08-e678-4f01-bdc6-d9dd1dca1052', '56913b11-0122-489c-af95-3ea040022c0f', '3855d501-f81d-474f-bd47-d5d088fa370b', 'unidad', 8, 1000.00, 8000.00, 500.00),
	('e02ca695-c867-4aef-bf93-eb73de3ef340', '9c1f7a5d-51d3-41cd-a10d-9da5c2cc308a', 'a41920b4-8fba-4516-a591-658b6e3774f6', 'unidad', 1, 35.00, 35.00, 22.00),
	('e0418eb2-9148-47f5-93c6-3c17436793f5', '97d1853a-6817-401c-8868-73b45fdc5aaf', 'a41920b4-8fba-4516-a591-658b6e3774f6', 'unidad', 1, 35.00, 35.00, 22.00),
	('e0887ef2-2cfa-4e97-8b17-ebaab799bb9b', '2bcfb1c0-2883-4a39-a9a6-2fa49c32af97', 'ae9f6064-a420-4ea9-9a95-c279a9990680', 'unidad', 2, 15.00, 30.00, 9.00),
	('e17977ff-e8a4-4bf0-b792-2f4779951837', '92bdf20a-3e61-4674-8b70-213b1dcf94c4', '5a990c66-09ed-49cf-a841-5abcdc8197a6', 'unidad', 2, 10.00, 20.00, 6.00),
	('e21d404b-a1f8-4692-9563-ee960b0243f0', '7b29026c-aef5-4567-849c-9f5328b48e6b', '2b59e012-78d2-4f12-bbc8-134c83281bfb', 'unidad', 3, 45.00, 135.00, 30.00),
	('e2878665-f517-4376-8669-cd942fcb7b06', '69251bca-f650-41fd-841e-cd2522deb7c7', '878be327-573d-417e-83c6-9bda41fd047d', 'unidad', 2, 8.00, 16.00, 5.00),
	('e539e7d6-4d86-48c3-b2af-5bbdd23b0723', 'de07ff03-cdcd-455b-bbbf-fc49eea25c65', '588e2a02-5a32-41f5-9b89-004e06e6cc76', 'unidad', 3, 22.00, 66.00, 14.00),
	('e58ff027-aa2d-46df-a28c-9f776e3de887', '3ed89f10-9054-454b-8558-02c4a88fdafa', '5a990c66-09ed-49cf-a841-5abcdc8197a6', 'unidad', 1, 10.00, 10.00, 6.00),
	('e60898ee-6d87-43f9-9b56-06a40a2b337b', '669b4fd7-f3f6-4786-84c5-881668cfc6d2', '3855d501-f81d-474f-bd47-d5d088fa370b', 'unidad', 2, 1000.00, 2000.00, 500.00),
	('e6ac6cd0-d68d-4e92-a09c-7954b4909634', 'de897165-1ac6-467d-a859-d0f8aea5cd0b', '8c0795a6-300c-47df-a62b-150539201fc8', 'unidad', 1, 20.00, 20.00, 12.00),
	('e6e61de4-6f71-4bad-a2e0-6b9e9a4d2df2', 'db45d5ea-7846-4429-a9cf-c248e9e602f4', '4ca918d8-3205-40ba-b81a-bd106f8d03cf', 'unidad', 1, 7.00, 7.00, 4.00),
	('e715b655-fc3d-4c19-a672-29978bd90970', '3d03157e-dae3-4557-8693-13de2cd33936', '3855d501-f81d-474f-bd47-d5d088fa370b', 'unidad', 3, 1000.00, 3000.00, 500.00),
	('e7398811-9efd-4920-b66f-0caf523b5682', '157f087b-2df5-4a4d-a360-4bdbdbb6a0ec', '3855d501-f81d-474f-bd47-d5d088fa370b', 'unidad', 7, 1000.00, 7000.00, 500.00),
	('e7b0f19e-6d8d-4eb1-8962-12e7656a4030', '6dc7ad8e-ec49-412e-b0ac-bf138880a704', '94bd1aa8-8ad0-465b-9204-85bf9f5f39aa', 'unidad', 1, 30.00, 30.00, 18.00),
	('e81af2fc-bc76-4570-a39a-1f8970545f13', 'fed0f2bd-19fd-4765-b303-d237fb4b8843', '5a990c66-09ed-49cf-a841-5abcdc8197a6', 'unidad', 2, 10.00, 20.00, 6.00),
	('e89bc02b-7226-423d-a809-305af14ae7aa', 'edba70f7-97de-4628-84f6-9a09462892b0', '4f2033c1-02ff-4fd2-b97e-6cd02fe495fa', 'unidad', 3, 42.00, 126.00, 28.00),
	('e9cee0ca-2065-4823-824c-ca1e7d556a54', '73eb61aa-8fe1-42fd-9180-2146bf314b5e', '2ab35ab3-c6ee-49ac-a377-e4b00ed91b5c', 'unidad', 3, 38.00, 114.00, 25.00),
	('eb0612c2-6686-43d7-aeba-319379d54759', 'de3f2242-db90-46c6-88ea-455f2db3749b', '2ab35ab3-c6ee-49ac-a377-e4b00ed91b5c', 'unidad', 3, 38.00, 114.00, 25.00),
	('eb907d9b-8d74-4cac-98de-496e8adb574b', '747bc1f7-063d-477a-8ff7-b24931d0868e', '4f2033c1-02ff-4fd2-b97e-6cd02fe495fa', 'unidad', 2, 42.00, 84.00, 28.00),
	('ebca701a-da63-4cc7-93af-ba2f9802c554', 'e6c70b82-09ff-4bac-99d5-cc7a99d339dd', '4ca918d8-3205-40ba-b81a-bd106f8d03cf', 'unidad', 2, 7.00, 14.00, 4.00),
	('ec2b06dc-b6cf-463a-a348-0b07a625bd4b', '2eb4b4d5-ab44-4d86-9c37-bde35b666832', '3855d501-f81d-474f-bd47-d5d088fa370b', 'unidad', 4, 1000.00, 4000.00, 500.00),
	('ec8f4143-af02-4684-be02-090c6d565cec', '69251bca-f650-41fd-841e-cd2522deb7c7', '588e2a02-5a32-41f5-9b89-004e06e6cc76', 'unidad', 1, 22.00, 22.00, 14.00),
	('ed0639bc-9899-4a22-bc41-a41f80dd6de9', '8897b5a9-6355-4176-a613-29415fc7c415', '588e2a02-5a32-41f5-9b89-004e06e6cc76', 'unidad', 2, 22.00, 44.00, 14.00),
	('ed07e59c-7b4e-4a5f-87b1-ed3ec4b5fe52', '747bc1f7-063d-477a-8ff7-b24931d0868e', '878be327-573d-417e-83c6-9bda41fd047d', 'unidad', 1, 8.00, 8.00, 5.00),
	('ed1ddbc3-8f8d-4a1d-9a0b-54cbed81bb7f', '3bed38d0-6e31-4e92-962c-36031fabd5ee', '8c0795a6-300c-47df-a62b-150539201fc8', 'unidad', 3, 20.00, 60.00, 12.00),
	('ed9e91e5-eda8-434c-bfce-c2c3910c8e33', '2bcfb1c0-2883-4a39-a9a6-2fa49c32af97', '878be327-573d-417e-83c6-9bda41fd047d', 'unidad', 2, 8.00, 16.00, 5.00),
	('edc47072-cac5-4ee4-83b4-9a6ffa6706af', 'bf251d8d-1516-479e-8c49-dfa348a39f72', '3855d501-f81d-474f-bd47-d5d088fa370b', 'unidad', 6, 1000.00, 6000.00, 500.00),
	('eee8f051-ce36-4b02-ac62-76484ce69e50', 'de07ff03-cdcd-455b-bbbf-fc49eea25c65', '4f2033c1-02ff-4fd2-b97e-6cd02fe495fa', 'unidad', 3, 42.00, 126.00, 28.00),
	('eefbb1e3-be91-41e1-9835-621c6c4bd1b1', '78a4dfa0-2bb3-4f36-b049-d1a68e7272fa', '2ab35ab3-c6ee-49ac-a377-e4b00ed91b5c', 'unidad', 2, 38.00, 76.00, 25.00),
	('ef0ed009-2519-4d12-bdfe-af292edd0e66', '0dd7da26-eb74-48c1-acc3-a01cf19cb411', '3855d501-f81d-474f-bd47-d5d088fa370b', 'unidad', 10, 1000.00, 10000.00, 500.00),
	('ef39f75e-7d5f-48c1-92b2-437a213a886c', '867db966-b51e-44ba-97c2-3ffd64497cd9', '4f2033c1-02ff-4fd2-b97e-6cd02fe495fa', 'unidad', 1, 42.00, 42.00, 28.00),
	('ef54ee22-ba2e-49d5-a675-085219cdc8ee', '96035e5d-a220-42c5-951f-295985dbf2ba', '3855d501-f81d-474f-bd47-d5d088fa370b', 'unidad', 5, 1000.00, 5000.00, 500.00),
	('ef60672a-ea67-43da-9994-f64a347c96b9', 'f5dadf02-04a7-4387-b7d6-7a0614dad2b9', '2b59e012-78d2-4f12-bbc8-134c83281bfb', 'unidad', 2, 45.00, 90.00, 30.00),
	('f086392b-1e83-4f1f-badb-83f88c62634b', 'e6c70b82-09ff-4bac-99d5-cc7a99d339dd', '2ab35ab3-c6ee-49ac-a377-e4b00ed91b5c', 'unidad', 2, 38.00, 76.00, 25.00),
	('f0ff8d48-592f-4241-b979-3fe2f5625355', 'e4d7a20f-fd4d-47a9-b5d1-1ce2a779d427', '4f2033c1-02ff-4fd2-b97e-6cd02fe495fa', 'unidad', 3, 42.00, 126.00, 28.00),
	('f1824cc9-3ec7-4a46-ae5c-c29e3bef6b69', '2c1add7f-d609-471f-91ab-220638de6fef', '4ca918d8-3205-40ba-b81a-bd106f8d03cf', 'unidad', 3, 7.00, 21.00, 4.00),
	('f18a2285-5ed5-4865-81bc-ab2ea3dba7c8', '2b374c40-5874-4e35-ac67-00b7a719a079', '8c0795a6-300c-47df-a62b-150539201fc8', 'unidad', 1, 20.00, 20.00, 12.00),
	('f1e17442-4b1f-445c-86e6-14a9d4dc21cb', 'a24d8932-e836-48b3-8ef9-ac084df1c11b', '2ab35ab3-c6ee-49ac-a377-e4b00ed91b5c', 'unidad', 2, 38.00, 76.00, 25.00),
	('f254f811-d24a-44be-9507-a0f5ea940b91', '6c6f0290-c8bf-4918-90f5-d771276d11ba', '878be327-573d-417e-83c6-9bda41fd047d', 'unidad', 3, 8.00, 24.00, 5.00),
	('f26ce9f8-188a-4f5b-a390-594961330228', '57ddf5f0-985e-453c-b130-d71d8c6c7827', '3855d501-f81d-474f-bd47-d5d088fa370b', 'unidad', 4, 1000.00, 4000.00, 500.00),
	('f286cd97-c4bb-48b5-b7c1-ee7cc0229215', '2f94f2b8-3982-4f87-bead-e206a4b6dfe0', '3855d501-f81d-474f-bd47-d5d088fa370b', 'unidad', 8, 1000.00, 8000.00, 500.00),
	('f2c0392a-ee8b-406c-81b6-8de13fecb49e', '8e74dd87-7803-43d8-a450-b1005a399092', '4f2033c1-02ff-4fd2-b97e-6cd02fe495fa', 'unidad', 3, 42.00, 126.00, 28.00),
	('f38c5692-a8e9-4b20-96f6-bdb49e9747b2', '077866d9-29a8-4e35-ad32-10171dbf5302', '3855d501-f81d-474f-bd47-d5d088fa370b', 'unidad', 1, 1000.00, 1000.00, 500.00),
	('f49dad8d-5010-4214-b952-f4b44569f6f4', '1391808d-5508-4f41-9864-e7ce8227a965', '3855d501-f81d-474f-bd47-d5d088fa370b', 'unidad', 2, 1000.00, 2000.00, 500.00),
	('f4a73a44-8bac-4911-b495-848f1bd0a499', '4ac35bb4-042c-48d9-9348-317280a1f1eb', '2b59e012-78d2-4f12-bbc8-134c83281bfb', 'unidad', 2, 45.00, 90.00, 30.00),
	('f509a9e2-a964-4aca-8824-df27466fd157', '19bfc1fd-7c3d-415f-a5ec-a60e882e2f01', '94bd1aa8-8ad0-465b-9204-85bf9f5f39aa', 'unidad', 2, 30.00, 60.00, 18.00),
	('f538750c-7feb-4a49-aa66-9dc06b006fd1', '4ac35bb4-042c-48d9-9348-317280a1f1eb', '4ca918d8-3205-40ba-b81a-bd106f8d03cf', 'unidad', 2, 7.00, 14.00, 4.00),
	('f59b7eb6-2782-4a36-87b4-5ba506a42211', '58edbe23-623d-4fb2-89b3-1c8ce247dfbe', '2ab35ab3-c6ee-49ac-a377-e4b00ed91b5c', 'unidad', 2, 38.00, 76.00, 25.00),
	('f6051ee9-126b-4302-a027-20e959794e0f', '2ca1586e-5431-486e-bc70-5699818dcff1', '4f2033c1-02ff-4fd2-b97e-6cd02fe495fa', 'unidad', 3, 42.00, 126.00, 28.00),
	('f60f75f9-a3e7-483a-b3d5-096d9d03d4b3', '1ab42e79-1330-4a1a-81e1-f85c9c15027b', '8c0795a6-300c-47df-a62b-150539201fc8', 'unidad', 1, 20.00, 20.00, 12.00),
	('f6c9de36-8d17-44f6-a46d-4c93b726369d', 'e768d8a6-78d8-436c-aecf-2edf5458b0f1', '878be327-573d-417e-83c6-9bda41fd047d', 'unidad', 2, 8.00, 16.00, 5.00),
	('f84c1895-f68a-48ef-9c28-f8d2ade9a70e', '7e741b87-f07a-4d68-b3f8-044614d18ae4', '3855d501-f81d-474f-bd47-d5d088fa370b', 'unidad', 2, 1000.00, 2000.00, 500.00),
	('f88f45de-991a-4d83-8235-f989cb423da7', '93ed1283-9ac2-4aca-8961-9996710b6730', '2b59e012-78d2-4f12-bbc8-134c83281bfb', 'unidad', 3, 45.00, 135.00, 30.00),
	('f8908732-8920-4da8-9100-753bca5a9ff6', 'eb85d25a-0988-45ac-b310-5d5024387e10', '3855d501-f81d-474f-bd47-d5d088fa370b', 'unidad', 9, 1000.00, 9000.00, 500.00),
	('f9024316-bf7e-4242-806f-29ec638dfd6f', '9d186f76-246e-4b46-8735-9e995c415360', '588e2a02-5a32-41f5-9b89-004e06e6cc76', 'unidad', 3, 22.00, 66.00, 14.00),
	('f90d7e79-e4f3-4b78-9cc5-93c8cfc9e907', '4a432045-00e8-43af-a34b-509de4221d55', '5a990c66-09ed-49cf-a841-5abcdc8197a6', 'unidad', 2, 10.00, 20.00, 6.00),
	('f99455ff-d2bb-4b8d-b1a2-4a895afe3ae8', '04bcd4b8-d0b4-4387-bdcf-ca6bb84aa5ff', '878be327-573d-417e-83c6-9bda41fd047d', 'unidad', 1, 8.00, 8.00, 5.00),
	('fa173920-94f4-4abe-b8ad-e27b64b42128', 'c5d00d04-695c-4363-a282-23818ba5e1cc', '5a990c66-09ed-49cf-a841-5abcdc8197a6', 'unidad', 2, 10.00, 20.00, 6.00),
	('fa363a09-71c9-4088-b61e-9b2e2a5036f3', '2bcfb1c0-2883-4a39-a9a6-2fa49c32af97', '4ca918d8-3205-40ba-b81a-bd106f8d03cf', 'unidad', 1, 7.00, 7.00, 4.00),
	('fb42f974-ae6e-43e2-b33c-d33e493499cd', '9c1f7a5d-51d3-41cd-a10d-9da5c2cc308a', '4f2033c1-02ff-4fd2-b97e-6cd02fe495fa', 'unidad', 2, 42.00, 84.00, 28.00),
	('fb4d9a12-e025-4947-b565-3da50e0d3d06', 'fb411e23-e74e-4370-8bd7-d5f4be6e347b', '4ca918d8-3205-40ba-b81a-bd106f8d03cf', 'unidad', 2, 7.00, 14.00, 4.00),
	('fcba2dde-95f1-4500-a326-b6d114780bd9', '93be1cc7-20f1-49eb-85d5-c77cf3c11116', 'ae9f6064-a420-4ea9-9a95-c279a9990680', 'unidad', 1, 15.00, 15.00, 9.00),
	('fcff38d2-0738-42ee-a0ca-9ccb6acf4e42', '56a81692-4799-4319-8f94-123f18aab273', '4ca918d8-3205-40ba-b81a-bd106f8d03cf', 'unidad', 1, 7.00, 7.00, 4.00),
	('fd30d9b3-02aa-4536-b658-d5718b4f294d', '6f10a6c2-a951-42c0-85f1-92be2bd19b01', '3855d501-f81d-474f-bd47-d5d088fa370b', 'unidad', 1, 1000.00, 1000.00, 500.00),
	('fd47093d-1ee6-4b11-adf0-8cc2aafbb016', '93be1cc7-20f1-49eb-85d5-c77cf3c11116', '2b59e012-78d2-4f12-bbc8-134c83281bfb', 'unidad', 3, 45.00, 135.00, 30.00),
	('fd89e3d7-ac46-477a-a1fb-e4bcf2c51238', '9004752b-e566-4236-8576-001f294247c8', '94bd1aa8-8ad0-465b-9204-85bf9f5f39aa', 'unidad', 1, 30.00, 30.00, 18.00),
	('fe746c38-af3e-4bf1-9c61-d787a052b1dd', '6b77ac54-db9e-4da8-814e-0a7fe2c8157f', '2b59e012-78d2-4f12-bbc8-134c83281bfb', 'unidad', 2, 45.00, 90.00, 30.00),
	('fea2d303-291c-4845-b3a4-40bc2670209d', '9a86fa3b-aafa-4c99-a01f-2f8fd9e1771d', '2b59e012-78d2-4f12-bbc8-134c83281bfb', 'unidad', 3, 45.00, 135.00, 30.00);

-- Volcando estructura para tabla tienda_db.migrations
CREATE TABLE IF NOT EXISTS `migrations` (
  `id` int unsigned NOT NULL AUTO_INCREMENT,
  `migration` varchar(255) COLLATE utf8mb4_unicode_ci NOT NULL,
  `batch` int NOT NULL,
  PRIMARY KEY (`id`)
) ENGINE=InnoDB AUTO_INCREMENT=3 DEFAULT CHARSET=utf8mb4 COLLATE=utf8mb4_unicode_ci;

-- Volcando datos para la tabla tienda_db.migrations: ~0 rows (aproximadamente)
INSERT INTO `migrations` (`id`, `migration`, `batch`) VALUES
	(1, '0001_01_01_000000_create_users_table', 1),
	(2, '2026_04_14_172007_create_proveedors_table', 2);

-- Volcando estructura para tabla tienda_db.password_reset_tokens
CREATE TABLE IF NOT EXISTS `password_reset_tokens` (
  `email` varchar(255) COLLATE utf8mb4_unicode_ci NOT NULL,
  `token` varchar(255) COLLATE utf8mb4_unicode_ci NOT NULL,
  `created_at` timestamp NULL DEFAULT NULL,
  PRIMARY KEY (`email`)
) ENGINE=InnoDB DEFAULT CHARSET=utf8mb4 COLLATE=utf8mb4_unicode_ci;

-- Volcando datos para la tabla tienda_db.password_reset_tokens: ~0 rows (aproximadamente)

-- Volcando estructura para tabla tienda_db.productos
CREATE TABLE IF NOT EXISTS `productos` (
  `id` char(36) NOT NULL,
  `nombre` varchar(255) DEFAULT NULL,
  `descripcion` text,
  `stock` int DEFAULT '0',
  `stock_critico` int DEFAULT '10',
  `precio` decimal(10,2) DEFAULT NULL,
  `precio_compra` decimal(10,2) NOT NULL DEFAULT '0.00',
  `precio_venta_caja` decimal(10,2) DEFAULT NULL,
  `precio_caja` decimal(10,2) DEFAULT NULL,
  `cantidad_caja` int DEFAULT NULL,
  `categoria` varchar(100) DEFAULT 'General',
  `proveedor_id` varchar(36) DEFAULT NULL,
  `codigo_barras` varchar(100) DEFAULT NULL,
  `activo` tinyint(1) DEFAULT '1',
  `created_at` timestamp NULL DEFAULT CURRENT_TIMESTAMP,
  `updated_at` timestamp NULL DEFAULT CURRENT_TIMESTAMP ON UPDATE CURRENT_TIMESTAMP,
  PRIMARY KEY (`id`)
) ENGINE=InnoDB DEFAULT CHARSET=utf8mb4 COLLATE=utf8mb4_0900_ai_ci;

-- Volcando datos para la tabla tienda_db.productos: ~12 rows (aproximadamente)
INSERT INTO `productos` (`id`, `nombre`, `descripcion`, `stock`, `stock_critico`, `precio`, `precio_compra`, `precio_venta_caja`, `precio_caja`, `cantidad_caja`, `categoria`, `proveedor_id`, `codigo_barras`, `activo`, `created_at`, `updated_at`) VALUES
	('133fa6c9-9551-48be-9e61-45775aec0a1a', 'Queso Blanco Rallado 500g', NULL, 3, 15, 4.00, 2.80, NULL, NULL, NULL, 'Lácteos', '8c156935-8719-471e-a562-6292651269d2', NULL, 1, '2026-04-23 18:10:44', '2026-04-23 18:10:44'),
	('1bc1cd9e-7339-403e-8b1e-51b0f489e88d', 'Marlboro Rojo (Cajetilla)', NULL, 26, 10, 4.50, 3.00, NULL, NULL, NULL, 'Cigarros', '02d4328b-c2e6-4658-a93a-a5061e4a4faf', NULL, 1, '2026-04-23 18:10:44', '2026-04-23 18:10:44'),
	('257cdd0f-067a-4bd0-ab04-5c50629e09ed', 'Crema de Leche', NULL, 42, 17, 2.00, 1.30, NULL, NULL, NULL, 'Lácteos', '2d8e8bb8-256b-4c6e-86b5-f01fefb47c1e', NULL, 1, '2026-04-23 18:10:44', '2026-04-23 18:10:44'),
	('2ab35ab3-c6ee-49ac-a377-e4b00ed91b5c', 'Sangría Caroreña (Caja)', NULL, 5, 11, 38.00, 25.00, NULL, NULL, NULL, 'General', '02d4328b-c2e6-4658-a93a-a5061e4a4faf', NULL, 1, '2026-04-23 17:57:53', '2026-04-23 18:08:48'),
	('2b59e012-78d2-4f12-bbc8-134c83281bfb', 'Whisky Old Parr 12 años', NULL, 6, 14, 45.00, 30.00, NULL, NULL, NULL, 'General', '2a48902b-d0a6-4183-91b6-2a55cd93f514', NULL, 1, '2026-04-23 17:57:53', '2026-04-23 18:08:48'),
	('30cacb4f-ceae-41bd-88bd-a7e69c94cc0a', 'Chocolate Savoy', NULL, 3, 12, 1.20, 0.70, NULL, NULL, NULL, 'Dulces', 'd92b0283-4c86-4a3f-9ef7-57cc760885b8', NULL, 1, '2026-04-23 18:10:44', '2026-04-23 18:10:44'),
	('3855d501-f81d-474f-bd47-d5d088fa370b', 'agua', NULL, 371, 10, 1000.00, 500.00, 5000.00, 10000.00, 20, 'General', '2d8e8bb8-256b-4c6e-86b5-f01fefb47c1e', '95298563236956', 1, '2026-04-14 16:54:14', '2026-04-23 18:08:48'),
	('4ca918d8-3205-40ba-b81a-bd106f8d03cf', 'Anís Cartujo', NULL, 6, 12, 7.00, 4.00, NULL, NULL, NULL, 'General', '8c156935-8719-471e-a562-6292651269d2', NULL, 1, '2026-04-23 17:57:53', '2026-04-23 18:08:48'),
	('4f2033c1-02ff-4fd2-b97e-6cd02fe495fa', 'Whisky Buchanan\'s 12 años', NULL, 80, 18, 42.00, 28.00, NULL, NULL, NULL, 'General', 'd92b0283-4c86-4a3f-9ef7-57cc760885b8', NULL, 1, '2026-04-23 17:57:53', '2026-04-23 18:08:48'),
	('588e2a02-5a32-41f5-9b89-004e06e6cc76', 'Cerveza Zulia (Caja)', NULL, 400, 12, 22.00, 14.00, NULL, NULL, NULL, 'General', '02d4328b-c2e6-4658-a93a-a5061e4a4faf', NULL, 1, '2026-04-23 17:57:53', '2026-04-23 18:08:48'),
	('5a990c66-09ed-49cf-a841-5abcdc8197a6', 'Ron Cacique (Botella 1L)', NULL, 200, 15, 10.00, 6.00, NULL, NULL, NULL, 'General', '2a48902b-d0a6-4183-91b6-2a55cd93f514', NULL, 1, '2026-04-23 17:57:53', '2026-04-23 18:08:48'),
	('67c976b9-32eb-4f85-a497-fe9359b93025', 'Belmont (Cajetilla)', NULL, 45, 10, 4.00, 2.80, NULL, NULL, NULL, 'Cigarros', '2d8e8bb8-256b-4c6e-86b5-f01fefb47c1e', NULL, 1, '2026-04-23 18:10:44', '2026-04-23 18:10:44'),
	('7632cf17-1dbe-4bd4-887d-5dbee96c4a83', 'Maní La Especial (Lata)', NULL, 57, 11, 5.00, 3.00, NULL, NULL, NULL, 'Snacks', '02d4328b-c2e6-4658-a93a-a5061e4a4faf', NULL, 1, '2026-04-23 18:10:44', '2026-04-23 18:10:44'),
	('80a9e3d5-7e26-4f1e-8a3c-8d18bbf6f63d', 'Gomitas Trululu', NULL, 3, 11, 1.80, 1.00, NULL, NULL, NULL, 'Dulces', '02d4328b-c2e6-4658-a93a-a5061e4a4faf', NULL, 1, '2026-04-23 18:10:44', '2026-04-23 18:10:44'),
	('878be327-573d-417e-83c6-9bda41fd047d', 'Vodka Gordon\'s', NULL, 6, 13, 8.00, 5.00, NULL, NULL, NULL, 'General', '2d8e8bb8-256b-4c6e-86b5-f01fefb47c1e', NULL, 1, '2026-04-23 17:57:53', '2026-04-23 18:08:48'),
	('8b09ab08-d8d5-41e0-b952-b6278348d6a3', 'Lucky Strike (Cajetilla)', NULL, 57, 18, 4.20, 2.90, NULL, NULL, NULL, 'Cigarros', '8c156935-8719-471e-a562-6292651269d2', NULL, 1, '2026-04-23 18:10:44', '2026-04-23 18:10:44'),
	('8b55a2f6-723c-417e-aed0-056867d0b17c', 'Doritos Mega Queso', NULL, 22, 14, 3.80, 2.20, NULL, NULL, NULL, 'Snacks', '8c156935-8719-471e-a562-6292651269d2', NULL, 1, '2026-04-23 18:10:44', '2026-04-23 18:10:44'),
	('8c0795a6-300c-47df-a62b-150539201fc8', 'Cerveza Polar Pilsen (Caja)', NULL, 6, 10, 20.00, 12.00, NULL, NULL, NULL, 'General', '8c156935-8719-471e-a562-6292651269d2', NULL, 1, '2026-04-23 17:57:53', '2026-04-23 18:08:48'),
	('94bd1aa8-8ad0-465b-9204-85bf9f5f39aa', 'Ginebra Tanqueray', NULL, 6, 13, 30.00, 18.00, NULL, NULL, NULL, 'General', 'd92b0283-4c86-4a3f-9ef7-57cc760885b8', NULL, 1, '2026-04-23 17:57:53', '2026-04-23 18:08:48'),
	('99c3163a-5f12-4728-a7f6-7a6313ac26ec', 'Hielo en Cubos (Bolsa 5Kg)', NULL, 33, 13, 2.50, 1.00, NULL, NULL, NULL, 'Congelados', '02d4328b-c2e6-4658-a93a-a5061e4a4faf', NULL, 1, '2026-04-23 18:10:44', '2026-04-23 18:10:44'),
	('a21cd150-a934-4184-9f62-bd425cd33834', 'Helado Tío Rico (Bote 1L)', NULL, 39, 17, 6.00, 4.00, NULL, NULL, NULL, 'Congelados', 'd92b0283-4c86-4a3f-9ef7-57cc760885b8', NULL, 1, '2026-04-23 18:10:44', '2026-04-23 18:10:44'),
	('a41920b4-8fba-4516-a591-658b6e3774f6', 'Ron Santa Teresa 1796', NULL, 6, 16, 35.00, 22.00, NULL, NULL, NULL, 'General', '02d4328b-c2e6-4658-a93a-a5061e4a4faf', NULL, 1, '2026-04-23 17:57:53', '2026-04-23 18:08:48'),
	('ae1c4af8-68ec-4b34-b821-11c959b61e6b', 'Galletas Oreo (Paquete)', NULL, 3, 11, 1.50, 0.90, NULL, NULL, NULL, 'Dulces', 'd92b0283-4c86-4a3f-9ef7-57cc760885b8', NULL, 1, '2026-04-23 18:10:44', '2026-04-23 18:10:44'),
	('ae9f6064-a420-4ea9-9a95-c279a9990680', 'Vino Tinto Casillero del Diablo', NULL, 120, 15, 15.00, 9.00, NULL, NULL, NULL, 'General', '2a48902b-d0a6-4183-91b6-2a55cd93f514', NULL, 1, '2026-04-23 17:57:53', '2026-04-23 18:08:48'),
	('b29acfde-2ebd-4afc-902d-c96d63201bbb', 'Leche Completa 1L', NULL, 39, 20, 1.80, 1.20, NULL, NULL, NULL, 'Lácteos', '02d4328b-c2e6-4658-a93a-a5061e4a4faf', NULL, 1, '2026-04-23 18:10:44', '2026-04-23 18:10:44'),
	('b6661b6b-d323-4a88-a404-73f364cec5fb', 'Caramelos Mentos', NULL, 48, 15, 1.00, 0.50, NULL, NULL, NULL, 'Dulces', '02d4328b-c2e6-4658-a93a-a5061e4a4faf', NULL, 1, '2026-04-23 18:10:44', '2026-04-23 18:10:44'),
	('bae8c4c0-9b84-411e-a613-47b073a113bb', 'Papas Ruffles Tamaño Familiar', NULL, 19, 10, 3.50, 2.00, NULL, NULL, NULL, 'Snacks', '02d4328b-c2e6-4658-a93a-a5061e4a4faf', NULL, 1, '2026-04-23 18:10:44', '2026-04-23 18:10:44'),
	('db2b4a1f-22ee-42b1-8a7b-627a2651c4da', 'Pulpa de Fruta Congelada', NULL, 3, 15, 1.50, 0.80, NULL, NULL, NULL, 'Congelados', '2a48902b-d0a6-4183-91b6-2a55cd93f514', NULL, 1, '2026-04-23 18:10:44', '2026-04-23 18:10:44'),
	('fd487fcc-cde4-4a09-ba52-8423e9a15ca0', 'Chicarrón Jack\'s', NULL, 45, 13, 2.50, 1.20, NULL, NULL, NULL, 'Snacks', 'd92b0283-4c86-4a3f-9ef7-57cc760885b8', NULL, 1, '2026-04-23 18:10:44', '2026-04-23 18:10:44');

-- Volcando estructura para tabla tienda_db.proveedores
CREATE TABLE IF NOT EXISTS `proveedores` (
  `id` char(36) COLLATE utf8mb4_unicode_ci NOT NULL,
  `nombre` varchar(255) COLLATE utf8mb4_unicode_ci NOT NULL,
  `empresa` varchar(255) COLLATE utf8mb4_unicode_ci DEFAULT NULL,
  `telefono` varchar(255) COLLATE utf8mb4_unicode_ci DEFAULT NULL,
  `email` varchar(255) COLLATE utf8mb4_unicode_ci DEFAULT NULL,
  `direccion` text COLLATE utf8mb4_unicode_ci,
  `frecuencia_visita` varchar(255) COLLATE utf8mb4_unicode_ci DEFAULT NULL,
  `activo` tinyint(1) NOT NULL DEFAULT '1',
  `created_at` timestamp NULL DEFAULT NULL,
  `updated_at` timestamp NULL DEFAULT NULL,
  PRIMARY KEY (`id`)
) ENGINE=InnoDB DEFAULT CHARSET=utf8mb4 COLLATE=utf8mb4_unicode_ci;

-- Volcando datos para la tabla tienda_db.proveedores: ~1 rows (aproximadamente)
INSERT INTO `proveedores` (`id`, `nombre`, `empresa`, `telefono`, `email`, `direccion`, `frecuencia_visita`, `activo`, `created_at`, `updated_at`) VALUES
	('02d4328b-c2e6-4658-a93a-a5061e4a4faf', 'Surtidora Regional Los Andes', 'Independiente', NULL, NULL, NULL, NULL, 1, '2026-04-23 18:08:48', '2026-04-23 18:08:48'),
	('2a48902b-d0a6-4183-91b6-2a55cd93f514', 'Representaciones Pernod Ricard', 'Pernod Ricard', NULL, NULL, NULL, NULL, 1, '2026-04-23 18:08:48', '2026-04-23 18:08:48'),
	('2d8e8bb8-256b-4c6e-86b5-f01fefb47c1e', 'Distribución Diageo Venezuela', 'Diageo', NULL, NULL, NULL, NULL, 1, '2026-04-23 18:08:48', '2026-04-23 18:08:48'),
	('8c156935-8719-471e-a562-6292651269d2', 'malcom', 'babaroa', '3009778217', 'malcomsandoval04@gmail.com', NULL, 'cada 3 dias', 1, '2026-04-20 22:46:27', '2026-04-20 22:46:27'),
	('d92b0283-4c86-4a3f-9ef7-57cc760885b8', 'Ventas Cervecería Polar', 'Empresas Polar', NULL, NULL, NULL, NULL, 1, '2026-04-23 18:08:48', '2026-04-23 18:08:48');

-- Volcando estructura para tabla tienda_db.sessions
CREATE TABLE IF NOT EXISTS `sessions` (
  `id` varchar(255) COLLATE utf8mb4_unicode_ci NOT NULL,
  `user_id` bigint unsigned DEFAULT NULL,
  `ip_address` varchar(45) COLLATE utf8mb4_unicode_ci DEFAULT NULL,
  `user_agent` text COLLATE utf8mb4_unicode_ci,
  `payload` longtext COLLATE utf8mb4_unicode_ci NOT NULL,
  `last_activity` int NOT NULL,
  PRIMARY KEY (`id`),
  KEY `sessions_user_id_index` (`user_id`),
  KEY `sessions_last_activity_index` (`last_activity`)
) ENGINE=InnoDB DEFAULT CHARSET=utf8mb4 COLLATE=utf8mb4_unicode_ci;

-- Volcando datos para la tabla tienda_db.sessions: ~0 rows (aproximadamente)

-- Volcando estructura para tabla tienda_db.users
CREATE TABLE IF NOT EXISTS `users` (
  `id` bigint unsigned NOT NULL AUTO_INCREMENT,
  `name` varchar(255) COLLATE utf8mb4_unicode_ci NOT NULL,
  `email` varchar(255) COLLATE utf8mb4_unicode_ci NOT NULL,
  `email_verified_at` timestamp NULL DEFAULT NULL,
  `password` varchar(255) COLLATE utf8mb4_unicode_ci NOT NULL,
  `remember_token` varchar(100) COLLATE utf8mb4_unicode_ci DEFAULT NULL,
  `created_at` timestamp NULL DEFAULT NULL,
  `updated_at` timestamp NULL DEFAULT NULL,
  PRIMARY KEY (`id`),
  UNIQUE KEY `users_email_unique` (`email`)
) ENGINE=InnoDB DEFAULT CHARSET=utf8mb4 COLLATE=utf8mb4_unicode_ci;

-- Volcando datos para la tabla tienda_db.users: ~0 rows (aproximadamente)

-- Volcando estructura para tabla tienda_db.usuarios
CREATE TABLE IF NOT EXISTS `usuarios` (
  `id` char(36) NOT NULL,
  `nombre` varchar(100) DEFAULT NULL,
  `correo` varchar(150) DEFAULT NULL,
  `contrasena` varchar(255) DEFAULT NULL,
  `rol` varchar(50) DEFAULT 'usuario',
  `activo` tinyint DEFAULT '0',
  `codigo_verificacion` varchar(6) DEFAULT NULL,
  `created_at` timestamp NULL DEFAULT CURRENT_TIMESTAMP,
  PRIMARY KEY (`id`),
  UNIQUE KEY `correo` (`correo`)
) ENGINE=InnoDB DEFAULT CHARSET=utf8mb4 COLLATE=utf8mb4_0900_ai_ci;

-- Volcando datos para la tabla tienda_db.usuarios: ~2 rows (aproximadamente)
INSERT INTO `usuarios` (`id`, `nombre`, `correo`, `contrasena`, `rol`, `activo`, `codigo_verificacion`, `created_at`) VALUES
	('13648e35-197f-472c-a896-d50090561d37', 'kleverson escudero', 'escuderoparra0908@gmail.com', '$2y$12$S4I1xCgzSX41WuQYgADb.uQgFcV6usphiXS76UhAr8hqDjs65C6HC', 'usuario', 1, NULL, '2026-04-09 23:31:16'),
	('c54cbdb2-fc53-482b-8926-f55d14cb6a98', 'malcom', 'malcomsandoval04@gmail.com', '$2y$12$.7Hk64AvqAQMEGnXWZ7GD.PabIJZRspQN1UGnisWktw.nOhQniCGu', 'usuario', 1, NULL, '2026-03-27 17:41:28');

-- Volcando estructura para tabla tienda_db.ventas
CREATE TABLE IF NOT EXISTS `ventas` (
  `id` char(36) NOT NULL,
  `usuario_id` char(36) DEFAULT NULL,
  `total` decimal(10,2) DEFAULT NULL,
  `precio_compra` decimal(20,6) NOT NULL DEFAULT '0.000000',
  `fecha_venta` timestamp NULL DEFAULT CURRENT_TIMESTAMP,
  `metodo_pago` varchar(50) DEFAULT 'efectivo',
  `activa` tinyint(1) DEFAULT '1',
  PRIMARY KEY (`id`),
  KEY `usuario_id` (`usuario_id`),
  CONSTRAINT `ventas_ibfk_1` FOREIGN KEY (`usuario_id`) REFERENCES `usuarios` (`id`) ON DELETE SET NULL
) ENGINE=InnoDB DEFAULT CHARSET=utf8mb4 COLLATE=utf8mb4_0900_ai_ci;

-- Volcando datos para la tabla tienda_db.ventas: ~3 rows (aproximadamente)
INSERT INTO `ventas` (`id`, `usuario_id`, `total`, `precio_compra`, `fecha_venta`, `metodo_pago`, `activa`) VALUES
	('0057ad12-e36c-4cbb-9a78-cc876de0038d', '13648e35-197f-472c-a896-d50090561d37', 1000.00, 500.000000, '2026-02-06 01:05:31', 'Efectivo', 1),
	('021cc923-0d10-47b4-8eeb-9fcbdbcf36ea', '13648e35-197f-472c-a896-d50090561d37', 8.00, 5.000000, '2026-04-14 11:49:53', 'Efectivo', 1),
	('03f2ea26-ddab-4aa8-a9f6-29c2450e51b4', '13648e35-197f-472c-a896-d50090561d37', 79.00, 49.000000, '2026-02-15 23:06:53', 'Pago Móvil', 1),
	('04bcd4b8-d0b4-4387-bdcf-ca6bb84aa5ff', '13648e35-197f-472c-a896-d50090561d37', 53.00, 32.000000, '2026-04-15 10:52:53', 'Pago Móvil', 1),
	('04d14076-6a22-48e5-847d-faf736ca756f', '13648e35-197f-472c-a896-d50090561d37', 40.00, 24.000000, '2026-02-25 00:29:53', 'Pago Móvil', 1),
	('062b2b60-2cf7-4fbf-8b64-7fb5181bc56a', '13648e35-197f-472c-a896-d50090561d37', 3000.00, 1500.000000, '2026-04-19 03:13:03', 'Efectivo', 1),
	('077866d9-29a8-4e35-ad32-10171dbf5302', '13648e35-197f-472c-a896-d50090561d37', 1000.00, 500.000000, '2026-03-17 00:49:03', 'Transferencia', 1),
	('081b19e1-4c70-4cf9-8088-b94c905c22cd', '13648e35-197f-472c-a896-d50090561d37', 10000.00, 5000.000000, '2026-04-12 16:03:31', 'Tarjeta', 1),
	('087b4f51-542b-4fa6-9157-b4bf50315e73', '13648e35-197f-472c-a896-d50090561d37', 9000.00, 4500.000000, '2026-03-30 19:10:03', 'Efectivo', 1),
	('0b084508-b074-49e6-82f8-664affe886ad', '13648e35-197f-472c-a896-d50090561d37', 5000.00, 2500.000000, '2026-02-05 01:59:03', 'Tarjeta', 1),
	('0d8f3752-7c7a-42d7-8d74-e1d155515f9e', '13648e35-197f-472c-a896-d50090561d37', 214.00, 136.000000, '2026-02-20 21:13:53', 'Transferencia', 1),
	('0d980d62-355c-40c9-861a-a2a6b9688fbb', '13648e35-197f-472c-a896-d50090561d37', 1000.00, 500.000000, '2026-04-05 19:07:03', 'Tarjeta', 1),
	('0dd7da26-eb74-48c1-acc3-a01cf19cb411', '13648e35-197f-472c-a896-d50090561d37', 10000.00, 5000.000000, '2026-04-13 05:22:03', 'Tarjeta', 1),
	('0deec037-ae66-4548-852d-5b731e46bded', '13648e35-197f-472c-a896-d50090561d37', 10000.00, 5000.000000, '2026-02-26 16:14:03', 'Tarjeta', 1),
	('0e1e0f84-1ee7-494c-96a8-fba296aff62a', '13648e35-197f-472c-a896-d50090561d37', 2000.00, 1000.000000, '2026-02-04 15:02:31', 'Efectivo', 1),
	('0fe1bd13-300a-4558-98a2-ab6117b21ecd', '13648e35-197f-472c-a896-d50090561d37', 140.00, 86.000000, '2026-04-23 05:07:53', 'Pago Móvil', 1),
	('10cd1fe9-ec69-4eeb-bff3-12b80c1cc6ca', '13648e35-197f-472c-a896-d50090561d37', 16.00, 10.000000, '2026-03-19 23:33:53', 'Transferencia', 1),
	('111d903a-4a5b-4192-b633-dfa8d3c3e424', 'c54cbdb2-fc53-482b-8926-f55d14cb6a98', 10000.00, 5000.000000, '2026-04-14 22:11:11', 'efectivo', 0),
	('130d957f-fa27-4362-958d-9ec47254eaeb', '13648e35-197f-472c-a896-d50090561d37', 9000.00, 4500.000000, '2026-02-01 01:52:03', 'Efectivo', 1),
	('138fcd7d-9006-4e25-9dbb-9d49af8b56e2', '13648e35-197f-472c-a896-d50090561d37', 10000.00, 5000.000000, '2026-04-11 21:15:03', 'Transferencia', 1),
	('1391808d-5508-4f41-9864-e7ce8227a965', '13648e35-197f-472c-a896-d50090561d37', 2000.00, 1000.000000, '2026-02-10 04:44:03', 'Tarjeta', 1),
	('13db828d-d937-48e3-a5a3-123e9d21b7db', '13648e35-197f-472c-a896-d50090561d37', 38.00, 25.000000, '2026-03-24 18:04:53', 'Efectivo', 1),
	('13eac71f-bf22-40cc-b7cf-2abcc1ac050b', '13648e35-197f-472c-a896-d50090561d37', 8000.00, 4000.000000, '2026-03-05 18:00:31', 'Transferencia', 1),
	('13eb3097-b2c8-4a18-b752-47facf0f9c17', '13648e35-197f-472c-a896-d50090561d37', 3000.00, 1500.000000, '2026-04-22 06:48:03', 'Efectivo', 1),
	('15261382-31a5-4bd1-806e-a02337d8bd8a', '13648e35-197f-472c-a896-d50090561d37', 252.00, 162.000000, '2026-02-20 23:33:53', 'Efectivo', 1),
	('157f087b-2df5-4a4d-a360-4bdbdbb6a0ec', '13648e35-197f-472c-a896-d50090561d37', 7000.00, 3500.000000, '2026-01-23 15:56:03', 'Efectivo', 1),
	('15d5d0cb-cf12-4fad-90e2-354f0c666478', '13648e35-197f-472c-a896-d50090561d37', 124.00, 74.000000, '2026-04-11 15:22:53', 'Transferencia', 1),
	('1969506a-e1dd-49c0-93ea-f3c5cb687f1d', '13648e35-197f-472c-a896-d50090561d37', 8.00, 5.000000, '2026-01-30 23:58:53', 'Tarjeta', 1),
	('1984a0ac-0ea9-4823-8409-6dcc44a979a5', '13648e35-197f-472c-a896-d50090561d37', 9000.00, 4500.000000, '2026-03-19 05:53:31', 'Transferencia', 1),
	('19bfc1fd-7c3d-415f-a5ec-a60e882e2f01', '13648e35-197f-472c-a896-d50090561d37', 236.00, 146.000000, '2026-02-06 00:23:53', 'Transferencia', 1),
	('1ab42e79-1330-4a1a-81e1-f85c9c15027b', '13648e35-197f-472c-a896-d50090561d37', 20.00, 12.000000, '2026-02-09 21:07:53', 'Pago Móvil', 1),
	('1c8450d8-3f9e-47ca-81b3-763329cc58a0', '13648e35-197f-472c-a896-d50090561d37', 22.00, 14.000000, '2026-01-29 18:02:53', 'Pago Móvil', 1),
	('1c898f77-6217-427a-bbf8-348d440f34fb', '13648e35-197f-472c-a896-d50090561d37', 68.00, 41.000000, '2026-04-03 13:15:53', 'Transferencia', 1),
	('1c8d34eb-d274-4d6e-9207-fc75a2c4c33f', '13648e35-197f-472c-a896-d50090561d37', 10000.00, 5000.000000, '2026-01-25 09:39:31', 'Efectivo', 1),
	('1ce45c6f-80c5-4f9d-aec4-1b06f67d5ceb', '13648e35-197f-472c-a896-d50090561d37', 5000.00, 2500.000000, '2026-02-15 22:46:31', 'Efectivo', 1),
	('1dfb0877-5146-4d92-9feb-382bd9353811', '13648e35-197f-472c-a896-d50090561d37', 8000.00, 4000.000000, '2026-01-27 01:05:31', 'Transferencia', 1),
	('1eb1e967-9e7c-46a5-a081-78193a86b491', '13648e35-197f-472c-a896-d50090561d37', 24.00, 15.000000, '2026-02-16 23:21:53', 'Efectivo', 1),
	('1f65bccc-dea1-42fb-9fba-77130cd5ac9f', 'c54cbdb2-fc53-482b-8926-f55d14cb6a98', 10000.00, 20000.000000, '2026-04-20 22:48:15', 'efectivo', 1),
	('2260290d-8b7e-45d9-8f3a-a9be9faa41cf', '13648e35-197f-472c-a896-d50090561d37', 7000.00, 3500.000000, '2026-03-08 17:21:03', 'Transferencia', 1),
	('253ac319-0eaa-4a5f-960b-f7e1015c9d8d', '13648e35-197f-472c-a896-d50090561d37', 174.00, 110.000000, '2026-02-12 17:25:53', 'Pago Móvil', 1),
	('261e8934-9eb7-459d-85b7-9c2b4aad3ba0', '13648e35-197f-472c-a896-d50090561d37', 70.00, 44.000000, '2026-04-05 14:01:53', 'Efectivo', 1),
	('28652cb7-5149-47ee-9c72-a3e605464a3d', '13648e35-197f-472c-a896-d50090561d37', 62.00, 40.000000, '2026-04-16 18:38:53', 'Efectivo', 1),
	('2b374c40-5874-4e35-ac67-00b7a719a079', '13648e35-197f-472c-a896-d50090561d37', 194.00, 122.000000, '2026-02-26 02:14:53', 'Pago Móvil', 1),
	('2b8435ed-14b6-439e-bb77-395c92602a71', '13648e35-197f-472c-a896-d50090561d37', 2000.00, 1000.000000, '2026-03-04 13:42:31', 'Transferencia', 1),
	('2bcfb1c0-2883-4a39-a9a6-2fa49c32af97', '13648e35-197f-472c-a896-d50090561d37', 53.00, 32.000000, '2026-04-02 14:20:53', 'Pago Móvil', 1),
	('2c1add7f-d609-471f-91ab-220638de6fef', '13648e35-197f-472c-a896-d50090561d37', 87.00, 54.000000, '2026-02-01 07:52:53', 'Transferencia', 1),
	('2ca1586e-5431-486e-bc70-5699818dcff1', '13648e35-197f-472c-a896-d50090561d37', 320.00, 209.000000, '2026-03-22 22:47:53', 'Efectivo', 1),
	('2d1101ba-dbdc-4c37-a152-0abe690a72ac', '13648e35-197f-472c-a896-d50090561d37', 67.00, 43.000000, '2026-04-06 08:49:53', 'Pago Móvil', 1),
	('2dc7aa79-2b6f-4e69-9063-ebd7611c4eff', '13648e35-197f-472c-a896-d50090561d37', 3000.00, 1500.000000, '2026-02-25 11:31:03', 'Transferencia', 1),
	('2eb4b4d5-ab44-4d86-9c37-bde35b666832', '13648e35-197f-472c-a896-d50090561d37', 4000.00, 2000.000000, '2026-02-23 15:15:03', 'Tarjeta', 1),
	('2f94f2b8-3982-4f87-bead-e206a4b6dfe0', '13648e35-197f-472c-a896-d50090561d37', 8000.00, 4000.000000, '2026-02-10 22:44:03', 'Tarjeta', 1),
	('304c2271-1d5e-41c8-882f-f6523eb4e60c', '13648e35-197f-472c-a896-d50090561d37', 9000.00, 4500.000000, '2026-03-19 18:59:03', 'Tarjeta', 1),
	('316e7861-bbfd-4bb0-9ad4-7ad0c4f4811e', '13648e35-197f-472c-a896-d50090561d37', 5000.00, 2500.000000, '2026-03-22 17:14:31', 'Transferencia', 1),
	('32b21756-daaf-4a87-b061-ec0973d25d4e', '13648e35-197f-472c-a896-d50090561d37', 7000.00, 3500.000000, '2026-04-22 08:02:31', 'Transferencia', 1),
	('34e94b44-756f-4ce7-9a09-235326f10ef6', '13648e35-197f-472c-a896-d50090561d37', 4000.00, 2000.000000, '2026-03-18 00:47:03', 'Tarjeta', 1),
	('37b119f9-a556-4a12-ae55-ddfced3af079', '13648e35-197f-472c-a896-d50090561d37', 186.00, 120.000000, '2026-02-03 15:48:53', 'Tarjeta', 1),
	('389f5920-e89e-40ad-8520-ab1cf6c22e75', '13648e35-197f-472c-a896-d50090561d37', 10000.00, 5000.000000, '2026-03-01 08:09:31', 'Efectivo', 1),
	('397ec004-fcc5-434b-95d1-c6a750e570ae', '13648e35-197f-472c-a896-d50090561d37', 5000.00, 2500.000000, '2026-03-17 14:54:03', 'Efectivo', 1),
	('3bed38d0-6e31-4e92-962c-36031fabd5ee', '13648e35-197f-472c-a896-d50090561d37', 156.00, 96.000000, '2026-03-06 23:33:53', 'Pago Móvil', 1),
	('3d03157e-dae3-4557-8693-13de2cd33936', '13648e35-197f-472c-a896-d50090561d37', 3000.00, 1500.000000, '2026-02-21 12:19:31', 'Efectivo', 1),
	('3ed89f10-9054-454b-8558-02c4a88fdafa', '13648e35-197f-472c-a896-d50090561d37', 204.00, 127.000000, '2026-04-19 01:02:53', 'Transferencia', 1),
	('3ee9417f-c509-47d7-964b-ffcb63b1bb3c', '13648e35-197f-472c-a896-d50090561d37', 4000.00, 2000.000000, '2026-04-22 09:26:31', 'Efectivo', 1),
	('3f9af1bc-09f1-44e9-a111-8d97d07de213', '13648e35-197f-472c-a896-d50090561d37', 145.00, 96.000000, '2026-02-12 14:31:53', 'Efectivo', 1),
	('40adc448-9955-4b8a-a939-92ec3883a339', '13648e35-197f-472c-a896-d50090561d37', 2000.00, 1000.000000, '2026-04-05 18:10:31', 'Efectivo', 1),
	('428f4231-9a50-4069-8d32-a2f13e6e12e2', '13648e35-197f-472c-a896-d50090561d37', 7000.00, 3500.000000, '2026-04-03 09:03:03', 'Efectivo', 1),
	('42a31ec5-362a-404e-8736-9d601971d64c', '13648e35-197f-472c-a896-d50090561d37', 3000.00, 1500.000000, '2026-04-16 02:52:03', 'Efectivo', 1),
	('4301b00e-3f73-4e1f-8f1a-4ca6429dcba0', '13648e35-197f-472c-a896-d50090561d37', 3000.00, 1500.000000, '2026-04-07 13:15:31', 'Tarjeta', 1),
	('442313a1-2e37-4349-95ee-05444dc1b16a', '13648e35-197f-472c-a896-d50090561d37', 7000.00, 3500.000000, '2026-03-22 17:18:31', 'Efectivo', 1),
	('443e6b83-758f-431d-b9f3-2363d7607525', '13648e35-197f-472c-a896-d50090561d37', 9000.00, 4500.000000, '2026-03-20 04:08:03', 'Transferencia', 1),
	('469f8fb6-9f7c-4dab-92b4-92a4fb7032db', '13648e35-197f-472c-a896-d50090561d37', 4000.00, 2000.000000, '2026-04-10 02:21:31', 'Efectivo', 1),
	('46a2923b-6517-4bb8-9020-1c5be91582f3', '13648e35-197f-472c-a896-d50090561d37', 76.00, 50.000000, '2026-03-24 17:44:53', 'Pago Móvil', 1),
	('4890383c-c0b2-41be-90f1-0082a6ebaef6', '13648e35-197f-472c-a896-d50090561d37', 128.00, 80.000000, '2026-03-24 07:51:53', 'Efectivo', 1),
	('4896642c-d08a-4d19-9ba9-bc9dfb9c71f0', '13648e35-197f-472c-a896-d50090561d37', 7000.00, 3500.000000, '2026-04-21 20:18:31', 'Efectivo', 1),
	('4965a0ad-00a5-4fd9-bce3-9ad54ab570ad', '13648e35-197f-472c-a896-d50090561d37', 56.00, 34.000000, '2026-03-26 07:55:53', 'Efectivo', 1),
	('4a432045-00e8-43af-a34b-509de4221d55', '13648e35-197f-472c-a896-d50090561d37', 194.00, 122.000000, '2026-04-18 04:58:53', 'Pago Móvil', 1),
	('4a7439e0-bd31-49d5-9851-527eb135361c', '13648e35-197f-472c-a896-d50090561d37', 45.00, 30.000000, '2026-03-03 23:56:53', 'Pago Móvil', 1),
	('4ac35bb4-042c-48d9-9348-317280a1f1eb', '13648e35-197f-472c-a896-d50090561d37', 134.00, 86.000000, '2026-03-29 18:10:53', 'Pago Móvil', 1),
	('4e13571c-76f9-472e-8170-2758e06f6268', '13648e35-197f-472c-a896-d50090561d37', 264.00, 165.000000, '2026-02-19 07:47:53', 'Efectivo', 1),
	('4ff5eea6-1791-44af-9eca-83fd61e4faf7', '13648e35-197f-472c-a896-d50090561d37', 2000.00, 1000.000000, '2026-03-18 01:35:03', 'Efectivo', 1),
	('501e15de-94a4-46a7-931d-17af2a1712c9', '13648e35-197f-472c-a896-d50090561d37', 7000.00, 3500.000000, '2026-03-21 06:13:31', 'Transferencia', 1),
	('519db874-d5a5-41bc-9816-2b5be3b8891e', '13648e35-197f-472c-a896-d50090561d37', 30.00, 18.000000, '2026-03-08 12:18:53', 'Transferencia', 1),
	('53eba637-5eb1-49a4-9c6d-2804b7c6a8a4', '13648e35-197f-472c-a896-d50090561d37', 4000.00, 2000.000000, '2026-02-24 09:38:31', 'Transferencia', 1),
	('56913b11-0122-489c-af95-3ea040022c0f', '13648e35-197f-472c-a896-d50090561d37', 8000.00, 4000.000000, '2026-02-22 02:28:31', 'Efectivo', 1),
	('56a81692-4799-4319-8f94-123f18aab273', '13648e35-197f-472c-a896-d50090561d37', 165.00, 107.000000, '2026-02-04 13:59:53', 'Tarjeta', 1),
	('57ddf5f0-985e-453c-b130-d71d8c6c7827', '13648e35-197f-472c-a896-d50090561d37', 4000.00, 2000.000000, '2026-04-03 21:58:31', 'Transferencia', 1),
	('57fca29c-8791-4bcb-b4db-81035cd5eb6a', '13648e35-197f-472c-a896-d50090561d37', 197.00, 127.000000, '2026-04-20 04:23:53', 'Transferencia', 1),
	('58bc96a7-39e8-4317-8130-408cf3b8bc47', '13648e35-197f-472c-a896-d50090561d37', 5000.00, 2500.000000, '2026-03-21 11:30:03', 'Transferencia', 1),
	('58dd1d38-69c6-4b2c-b9ef-f54bf24bd95e', '13648e35-197f-472c-a896-d50090561d37', 10000.00, 5000.000000, '2026-01-30 17:38:03', 'Transferencia', 1),
	('58edbe23-623d-4fb2-89b3-1c8ce247dfbe', '13648e35-197f-472c-a896-d50090561d37', 172.00, 107.000000, '2026-02-08 15:29:53', 'Tarjeta', 1),
	('59f41d41-2067-4af9-bc7d-f237044ce542', '13648e35-197f-472c-a896-d50090561d37', 181.00, 115.000000, '2026-04-03 13:57:53', 'Efectivo', 1),
	('5c69a25c-d235-4d65-9fec-33df1729252c', '13648e35-197f-472c-a896-d50090561d37', 6000.00, 3000.000000, '2026-02-09 03:21:03', 'Transferencia', 1),
	('5c8a5824-92cd-41e4-8440-e1192e4267bc', '13648e35-197f-472c-a896-d50090561d37', 116.00, 74.000000, '2026-03-06 23:28:53', 'Tarjeta', 1),
	('5f1f0be2-87ea-4aa2-8df3-17b2ba628ec8', '13648e35-197f-472c-a896-d50090561d37', 1000.00, 500.000000, '2026-04-09 15:32:31', 'Transferencia', 1),
	('61a4ede3-720f-4bce-8b8d-43780d383759', '13648e35-197f-472c-a896-d50090561d37', 9000.00, 4500.000000, '2026-02-06 07:16:31', 'Transferencia', 1),
	('61dc8c29-5f67-4d10-94ac-fc93d7745623', '13648e35-197f-472c-a896-d50090561d37', 172.00, 110.000000, '2026-02-08 18:13:53', 'Efectivo', 1),
	('63d7d8e9-0a3b-4a36-834a-e39ecb0ef685', '13648e35-197f-472c-a896-d50090561d37', 6000.00, 3000.000000, '2026-02-17 14:42:31', 'Tarjeta', 1),
	('63ec69a8-360a-4f24-9f03-f2bbab88852a', '13648e35-197f-472c-a896-d50090561d37', 247.00, 164.000000, '2026-03-29 11:02:53', 'Transferencia', 1),
	('6473f96f-9353-4f41-9d8c-644046ea02dd', '13648e35-197f-472c-a896-d50090561d37', 2000.00, 1000.000000, '2026-03-15 09:05:03', 'Transferencia', 1),
	('669b4fd7-f3f6-4786-84c5-881668cfc6d2', '13648e35-197f-472c-a896-d50090561d37', 2000.00, 1000.000000, '2026-02-03 22:45:31', 'Tarjeta', 1),
	('66dc5309-371a-4a32-8a7a-a9f089c44d86', '13648e35-197f-472c-a896-d50090561d37', 38.00, 25.000000, '2026-03-20 20:45:53', 'Tarjeta', 1),
	('67262bbe-0615-4730-b0c7-2aea44312df2', '13648e35-197f-472c-a896-d50090561d37', 10000.00, 5000.000000, '2026-01-23 15:58:03', 'Efectivo', 1),
	('674ad977-ff3c-46f8-b01a-fa106a699454', '13648e35-197f-472c-a896-d50090561d37', 7000.00, 3500.000000, '2026-04-03 05:30:31', 'Efectivo', 1),
	('686d9579-22cf-4af1-bc96-a686f6bc8c2e', '13648e35-197f-472c-a896-d50090561d37', 178.00, 114.000000, '2026-04-06 19:00:53', 'Efectivo', 1),
	('69251bca-f650-41fd-841e-cd2522deb7c7', '13648e35-197f-472c-a896-d50090561d37', 138.00, 84.000000, '2026-02-26 18:09:53', 'Transferencia', 1),
	('694b2beb-7767-4193-9711-72a6e282e2de', '13648e35-197f-472c-a896-d50090561d37', 10000.00, 5000.000000, '2026-03-30 10:54:31', 'Transferencia', 1),
	('6abe4615-b798-4741-8abf-aec5e8c284f4', '13648e35-197f-472c-a896-d50090561d37', 2000.00, 1000.000000, '2026-04-13 16:37:31', 'Tarjeta', 1),
	('6b77ac54-db9e-4da8-814e-0a7fe2c8157f', '13648e35-197f-472c-a896-d50090561d37', 228.00, 151.000000, '2026-04-15 17:25:53', 'Pago Móvil', 1),
	('6b8dc136-dc22-451f-a54c-c91c0c7bf4cd', '13648e35-197f-472c-a896-d50090561d37', 6000.00, 3000.000000, '2026-04-07 12:17:31', 'Transferencia', 1),
	('6c6d7e2c-4de0-4e91-af36-6a52d03832a6', '13648e35-197f-472c-a896-d50090561d37', 5000.00, 2500.000000, '2026-04-15 07:14:31', 'Tarjeta', 1),
	('6c6f0290-c8bf-4918-90f5-d771276d11ba', '13648e35-197f-472c-a896-d50090561d37', 179.00, 108.000000, '2026-04-07 16:08:53', 'Tarjeta', 1),
	('6cdcb5b2-3ca8-4b49-821e-42f402d984d5', '13648e35-197f-472c-a896-d50090561d37', 3000.00, 1500.000000, '2026-01-23 09:50:03', 'Transferencia', 1),
	('6dc7ad8e-ec49-412e-b0ac-bf138880a704', '13648e35-197f-472c-a896-d50090561d37', 30.00, 18.000000, '2026-04-04 06:34:53', 'Transferencia', 1),
	('6dce0057-bc43-478d-b90a-16c45d2e0eef', '13648e35-197f-472c-a896-d50090561d37', 45.00, 27.000000, '2026-02-11 15:45:53', 'Transferencia', 1),
	('6f10a6c2-a951-42c0-85f1-92be2bd19b01', '13648e35-197f-472c-a896-d50090561d37', 1000.00, 500.000000, '2026-03-16 19:46:31', 'Transferencia', 1),
	('713a0cd7-5258-44a4-9bcc-cd16695af1ea', '13648e35-197f-472c-a896-d50090561d37', 5000.00, 2500.000000, '2026-03-11 06:29:31', 'Tarjeta', 1),
	('7181df3d-70b0-41c7-b330-f13dad639bbb', '13648e35-197f-472c-a896-d50090561d37', 10000.00, 5000.000000, '2026-04-09 16:31:03', 'Tarjeta', 1),
	('734b44b7-e93e-4d82-a1a0-2ab07d8ff8be', '13648e35-197f-472c-a896-d50090561d37', 7000.00, 3500.000000, '2026-02-18 13:42:03', 'Transferencia', 1),
	('73eb61aa-8fe1-42fd-9180-2146bf314b5e', '13648e35-197f-472c-a896-d50090561d37', 233.00, 146.000000, '2026-04-06 21:46:53', 'Transferencia', 1),
	('747bc1f7-063d-477a-8ff7-b24931d0868e', '13648e35-197f-472c-a896-d50090561d37', 182.00, 115.000000, '2026-02-18 19:37:53', 'Transferencia', 1),
	('767d5649-6b9e-4e68-9ae6-d76719dbe08a', '13648e35-197f-472c-a896-d50090561d37', 6000.00, 3000.000000, '2026-02-27 05:01:03', 'Tarjeta', 1),
	('76dee9a8-0017-41f9-bf98-b98b763b0669', '13648e35-197f-472c-a896-d50090561d37', 8000.00, 4000.000000, '2026-02-12 01:18:31', 'Efectivo', 1),
	('774ab197-5d82-4811-b8b8-e4c7f8634448', '13648e35-197f-472c-a896-d50090561d37', 299.00, 193.000000, '2026-04-07 04:14:53', 'Efectivo', 1),
	('778f95f7-08c9-41f0-a8ff-6e0415eaf6a0', '13648e35-197f-472c-a896-d50090561d37', 8000.00, 4000.000000, '2026-04-04 11:38:31', 'Tarjeta', 1),
	('78a4dfa0-2bb3-4f36-b049-d1a68e7272fa', '13648e35-197f-472c-a896-d50090561d37', 138.00, 88.000000, '2026-03-01 11:57:53', 'Efectivo', 1),
	('792f1a9e-fa9d-46f1-993f-a514f2aad925', '13648e35-197f-472c-a896-d50090561d37', 6000.00, 3000.000000, '2026-02-10 15:39:03', 'Transferencia', 1),
	('7998e93c-20c5-4906-bc43-e6af95dc809f', '13648e35-197f-472c-a896-d50090561d37', 2000.00, 1000.000000, '2026-02-23 05:45:03', 'Transferencia', 1),
	('7a35227e-1a0a-4efc-8ee8-18f377e3568f', '13648e35-197f-472c-a896-d50090561d37', 108.00, 71.000000, '2026-02-18 22:23:53', 'Pago Móvil', 1),
	('7b29026c-aef5-4567-849c-9f5328b48e6b', '13648e35-197f-472c-a896-d50090561d37', 159.00, 105.000000, '2026-02-12 18:29:53', 'Pago Móvil', 1),
	('7b31d631-9987-43c3-9748-6666ff31a890', '13648e35-197f-472c-a896-d50090561d37', 24.00, 15.000000, '2026-03-03 16:27:53', 'Efectivo', 1),
	('7bfa66e4-d073-4df9-b235-fa1d956b0a9f', '13648e35-197f-472c-a896-d50090561d37', 8000.00, 4000.000000, '2026-02-13 08:38:03', 'Efectivo', 1),
	('7c3ae3f0-d7d8-48bd-9bb5-5531f8f1a6f3', '13648e35-197f-472c-a896-d50090561d37', 1000.00, 500.000000, '2026-04-08 09:18:03', 'Efectivo', 1),
	('7d9b00a3-5a2c-4bb7-871c-be4adcc9ff94', '13648e35-197f-472c-a896-d50090561d37', 8.00, 5.000000, '2026-04-11 21:52:53', 'Tarjeta', 1),
	('7e741b87-f07a-4d68-b3f8-044614d18ae4', '13648e35-197f-472c-a896-d50090561d37', 2000.00, 1000.000000, '2026-04-03 16:56:31', 'Tarjeta', 1),
	('7f95d9aa-1e5d-4fbe-ad71-834f6e538945', '13648e35-197f-472c-a896-d50090561d37', 5000.00, 2500.000000, '2026-02-07 16:15:03', 'Efectivo', 1),
	('84e8c21e-f2c4-4f9f-84d3-cb88eb699447', '13648e35-197f-472c-a896-d50090561d37', 15.00, 9.000000, '2026-04-20 16:32:53', 'Efectivo', 1),
	('867db966-b51e-44ba-97c2-3ffd64497cd9', '13648e35-197f-472c-a896-d50090561d37', 192.00, 118.000000, '2026-03-31 23:05:53', 'Tarjeta', 1),
	('8897b5a9-6355-4176-a613-29415fc7c415', '13648e35-197f-472c-a896-d50090561d37', 54.00, 34.000000, '2026-04-13 22:22:53', 'Tarjeta', 1),
	('8b731a47-09b9-4b78-8acf-ca9c2e82cd33', '13648e35-197f-472c-a896-d50090561d37', 169.00, 110.000000, '2026-01-24 21:55:53', 'Tarjeta', 1),
	('8bad271a-b5ec-41a1-aa5b-7b67ee9df76f', '13648e35-197f-472c-a896-d50090561d37', 105.00, 66.000000, '2026-03-26 08:43:53', 'Pago Móvil', 1),
	('8c2e6378-0950-40db-98a3-9a2dfcba08fd', '13648e35-197f-472c-a896-d50090561d37', 192.00, 122.000000, '2026-02-01 02:35:53', 'Transferencia', 1),
	('8c399ec5-0c7c-41c9-a253-9370f7ab94f0', '13648e35-197f-472c-a896-d50090561d37', 110.00, 66.000000, '2026-04-17 04:49:53', 'Efectivo', 1),
	('8df53a40-2fb2-424a-8742-9a94d35cda4e', '13648e35-197f-472c-a896-d50090561d37', 8000.00, 4000.000000, '2026-03-25 15:40:03', 'Efectivo', 1),
	('8e74dd87-7803-43d8-a450-b1005a399092', '13648e35-197f-472c-a896-d50090561d37', 274.00, 175.000000, '2026-01-30 18:15:53', 'Pago Móvil', 1),
	('8edb8d51-1906-4a16-842f-236d5a3a75d9', '13648e35-197f-472c-a896-d50090561d37', 7000.00, 3500.000000, '2026-04-08 23:51:03', 'Transferencia', 1),
	('9004752b-e566-4236-8576-001f294247c8', '13648e35-197f-472c-a896-d50090561d37', 81.00, 48.000000, '2026-02-14 22:34:53', 'Transferencia', 1),
	('9005c273-729b-40f3-9d72-1978d2f36ec3', '13648e35-197f-472c-a896-d50090561d37', 9000.00, 4500.000000, '2026-03-07 17:28:03', 'Transferencia', 1),
	('91d89ca9-f7c1-492b-a06d-96fba6f95f51', 'c54cbdb2-fc53-482b-8926-f55d14cb6a98', 10000.00, 5000.000000, '2026-04-14 21:56:45', 'efectivo', 0),
	('92917fbd-03c7-456b-93de-b3cfa59d52e1', '13648e35-197f-472c-a896-d50090561d37', 7000.00, 3500.000000, '2026-02-13 20:43:03', 'Transferencia', 1),
	('92bdf20a-3e61-4674-8b70-213b1dcf94c4', '13648e35-197f-472c-a896-d50090561d37', 20.00, 12.000000, '2026-01-31 09:37:53', 'Tarjeta', 1),
	('93b3dc15-2653-4dc9-a1b3-402c18bfe322', '13648e35-197f-472c-a896-d50090561d37', 10.00, 6.000000, '2026-03-06 04:25:53', 'Efectivo', 1),
	('93be1cc7-20f1-49eb-85d5-c77cf3c11116', '13648e35-197f-472c-a896-d50090561d37', 176.00, 115.000000, '2026-03-04 11:54:53', 'Efectivo', 1),
	('93ed1283-9ac2-4aca-8961-9996710b6730', '13648e35-197f-472c-a896-d50090561d37', 175.00, 114.000000, '2026-04-11 18:11:53', 'Transferencia', 1),
	('96035e5d-a220-42c5-951f-295985dbf2ba', '13648e35-197f-472c-a896-d50090561d37', 5000.00, 2500.000000, '2026-03-15 03:15:03', 'Efectivo', 1),
	('97d1853a-6817-401c-8868-73b45fdc5aaf', '13648e35-197f-472c-a896-d50090561d37', 35.00, 22.000000, '2026-01-25 01:38:53', 'Transferencia', 1),
	('9a137d38-0420-49ea-a5e9-442000b68e32', '13648e35-197f-472c-a896-d50090561d37', 183.00, 118.000000, '2026-02-09 09:44:53', 'Pago Móvil', 1),
	('9a86fa3b-aafa-4c99-a01f-2f8fd9e1771d', '13648e35-197f-472c-a896-d50090561d37', 135.00, 90.000000, '2026-04-19 03:38:53', 'Transferencia', 1),
	('9af81bbc-4e54-4efb-b2d0-11e683267ee9', '13648e35-197f-472c-a896-d50090561d37', 6000.00, 1000.000000, '2026-04-13 08:06:12', 'efectivo', 0),
	('9b797340-e294-4cbe-a688-c6081151ead6', '13648e35-197f-472c-a896-d50090561d37', 9000.00, 4500.000000, '2026-01-26 20:49:03', 'Transferencia', 1),
	('9c1f7a5d-51d3-41cd-a10d-9da5c2cc308a', '13648e35-197f-472c-a896-d50090561d37', 127.00, 83.000000, '2026-02-26 13:53:53', 'Transferencia', 1),
	('9d186f76-246e-4b46-8735-9e995c415360', '13648e35-197f-472c-a896-d50090561d37', 163.00, 102.000000, '2026-03-29 04:03:53', 'Pago Móvil', 1),
	('a1f8dbd8-2ec1-4474-8986-555250a0cab8', '13648e35-197f-472c-a896-d50090561d37', 4000.00, 2000.000000, '2026-04-02 16:12:03', 'Efectivo', 1),
	('a24d8932-e836-48b3-8ef9-ac084df1c11b', '13648e35-197f-472c-a896-d50090561d37', 104.00, 67.000000, '2026-03-16 08:39:53', 'Transferencia', 1),
	('a42237ac-5f1a-4ad9-870a-ac9da64551f9', '13648e35-197f-472c-a896-d50090561d37', 106.00, 65.000000, '2026-03-02 09:20:53', 'Pago Móvil', 1),
	('a51b2720-1784-4b00-a60f-8079e3d428af', '13648e35-197f-472c-a896-d50090561d37', 35.00, 21.000000, '2026-03-11 21:18:53', 'Tarjeta', 1),
	('a5837933-cbae-4f19-b7a3-2b4442bb62a9', '13648e35-197f-472c-a896-d50090561d37', 31.00, 19.000000, '2026-04-09 13:14:53', 'Pago Móvil', 1),
	('a92c71f4-e45b-47c2-b56d-06088d778f37', '13648e35-197f-472c-a896-d50090561d37', 175.00, 114.000000, '2026-04-10 08:14:53', 'Efectivo', 1),
	('a98d5db5-e35f-4dd4-a9d6-4628f9d822f7', '13648e35-197f-472c-a896-d50090561d37', 134.00, 88.000000, '2026-02-14 11:23:53', 'Tarjeta', 1),
	('ac03ac6a-c2dc-4429-a98d-02c1a38267d8', '13648e35-197f-472c-a896-d50090561d37', 90.00, 54.000000, '2026-01-29 19:00:53', 'Tarjeta', 1),
	('adde9cc9-383d-4662-88e1-20537c524232', '13648e35-197f-472c-a896-d50090561d37', 6000.00, 3000.000000, '2026-04-13 00:01:03', 'Tarjeta', 1),
	('ae9f7513-22ff-4ea6-8dbd-ab20e4b37852', '13648e35-197f-472c-a896-d50090561d37', 3000.00, 1500.000000, '2026-02-13 00:56:31', 'Efectivo', 1),
	('aea8a337-9d81-42be-a3ff-48dd66e644ec', '13648e35-197f-472c-a896-d50090561d37', 10000.00, 5000.000000, '2026-02-12 06:36:31', 'Efectivo', 1),
	('b2329461-bc1f-4381-9a84-035e074864f7', '13648e35-197f-472c-a896-d50090561d37', 10000.00, 5000.000000, '2026-04-13 23:08:31', 'Tarjeta', 1),
	('b26dd58b-98f5-4bc6-8397-582b7be71e97', '13648e35-197f-472c-a896-d50090561d37', 5000.00, 2500.000000, '2026-02-28 11:00:03', 'Transferencia', 1),
	('b4896317-990e-43c8-a7a4-3ccf5573798d', '13648e35-197f-472c-a896-d50090561d37', 7000.00, 3500.000000, '2026-03-02 18:04:31', 'Transferencia', 1),
	('b762bca2-af2e-436b-b0b5-a3e22e9bd768', '13648e35-197f-472c-a896-d50090561d37', 6000.00, 3000.000000, '2026-03-02 13:27:31', 'Efectivo', 1),
	('b7db1c20-5021-4ab8-898c-1410dc966a32', '13648e35-197f-472c-a896-d50090561d37', 8000.00, 4000.000000, '2026-04-14 11:57:03', 'Tarjeta', 1),
	('bab12417-9a98-45ff-a5ff-b436d60e8af6', '13648e35-197f-472c-a896-d50090561d37', 45.00, 27.000000, '2026-04-12 23:47:53', 'Pago Móvil', 1),
	('bcb05e30-83ec-4fc6-82b2-a1aa0be281f7', '13648e35-197f-472c-a896-d50090561d37', 8000.00, 4000.000000, '2026-04-09 02:06:03', 'Efectivo', 1),
	('bd0e4331-980e-448a-bc77-061f925f6230', '13648e35-197f-472c-a896-d50090561d37', 1000.00, 500.000000, '2026-03-11 07:49:31', 'Tarjeta', 1),
	('bdd18fde-3ff5-4853-8313-ac1a92faf990', '13648e35-197f-472c-a896-d50090561d37', 241.00, 151.000000, '2026-04-22 07:53:53', 'Efectivo', 1),
	('bf251d8d-1516-479e-8c49-dfa348a39f72', '13648e35-197f-472c-a896-d50090561d37', 6000.00, 3000.000000, '2026-03-12 22:22:03', 'Tarjeta', 1),
	('c4059ec9-6bb4-4c84-b826-e04835d5272b', '13648e35-197f-472c-a896-d50090561d37', 298.00, 194.000000, '2026-02-03 07:11:53', 'Pago Móvil', 1),
	('c527646e-0978-4c08-bbe4-40c32f1d1cd2', '13648e35-197f-472c-a896-d50090561d37', 114.00, 72.000000, '2026-04-16 15:51:53', 'Transferencia', 1),
	('c5682b6e-ee08-479b-804a-01237fa30955', '13648e35-197f-472c-a896-d50090561d37', 9000.00, 4500.000000, '2026-03-02 05:55:03', 'Efectivo', 1),
	('c57c8556-a25a-4afc-a00a-4a39b57618de', '13648e35-197f-472c-a896-d50090561d37', 8000.00, 4000.000000, '2026-02-24 04:40:31', 'Tarjeta', 1),
	('c5d00d04-695c-4363-a282-23818ba5e1cc', '13648e35-197f-472c-a896-d50090561d37', 20.00, 12.000000, '2026-01-30 19:47:53', 'Efectivo', 1),
	('c646c516-94d2-4cbf-ac47-4b13b388d333', '13648e35-197f-472c-a896-d50090561d37', 250.00, 161.000000, '2026-02-22 17:30:53', 'Pago Móvil', 1),
	('c6f983b4-adc9-4f8e-8ced-3e981f47f1f9', '13648e35-197f-472c-a896-d50090561d37', 149.00, 94.000000, '2026-04-07 06:04:53', 'Pago Móvil', 1),
	('c70624d4-fe9c-424a-b634-f5b2b948b731', '13648e35-197f-472c-a896-d50090561d37', 264.00, 168.000000, '2026-02-12 23:00:53', 'Efectivo', 1),
	('c773181e-fde2-4ae5-94f7-40d87a58ba19', '13648e35-197f-472c-a896-d50090561d37', 7000.00, 3500.000000, '2026-01-25 08:26:31', 'Efectivo', 1),
	('c8980336-c79b-445c-8220-43cdc8d6bab0', '13648e35-197f-472c-a896-d50090561d37', 9000.00, 4500.000000, '2026-03-12 03:56:31', 'Tarjeta', 1),
	('c90f38e5-4a38-49d4-bd51-23ca84268c8f', '13648e35-197f-472c-a896-d50090561d37', 92.00, 58.000000, '2026-04-15 01:03:53', 'Tarjeta', 1),
	('c947526e-b8c9-4191-b7f4-687d7fc6aece', '13648e35-197f-472c-a896-d50090561d37', 4000.00, 2000.000000, '2026-04-05 15:37:03', 'Efectivo', 1),
	('c9eb7510-04c4-4019-ba56-c57a486670db', '13648e35-197f-472c-a896-d50090561d37', 3000.00, 1500.000000, '2026-02-05 09:02:03', 'Tarjeta', 1),
	('ca0e1a97-05b2-438b-95f9-4b7650287678', '13648e35-197f-472c-a896-d50090561d37', 3000.00, 1500.000000, '2026-03-29 11:14:31', 'Transferencia', 1),
	('cae52d94-4750-48f4-b893-8316667ac036', '13648e35-197f-472c-a896-d50090561d37', 141.00, 90.000000, '2026-01-26 17:40:53', 'Pago Móvil', 1),
	('cc30bfe0-26da-4785-9e6b-47d941ab5392', '13648e35-197f-472c-a896-d50090561d37', 83.00, 53.000000, '2026-04-17 08:43:53', 'Tarjeta', 1),
	('cc7ab1fd-6799-4199-a687-a5cd101eda0c', '13648e35-197f-472c-a896-d50090561d37', 45.00, 27.000000, '2026-03-03 20:14:53', 'Transferencia', 1),
	('cf7baa05-258d-4c6e-9a28-d8cf0f1377b0', '13648e35-197f-472c-a896-d50090561d37', 1000.00, 500.000000, '2026-02-20 10:07:03', 'Tarjeta', 1),
	('d41cdc24-082d-4a94-a091-066e9603ebe9', '13648e35-197f-472c-a896-d50090561d37', 2000.00, 1000.000000, '2026-03-20 14:38:31', 'Transferencia', 1),
	('d41db788-84ef-4730-96fe-f0a3142189f2', '13648e35-197f-472c-a896-d50090561d37', 8000.00, 4000.000000, '2026-02-01 02:24:03', 'Transferencia', 1),
	('d4cd78b5-961e-4a50-92f1-e995ae8c7247', '13648e35-197f-472c-a896-d50090561d37', 1000.00, 500.000000, '2026-03-04 05:50:31', 'Efectivo', 1),
	('d568af1a-733c-46d9-8eca-0dbd8f3f9a92', '13648e35-197f-472c-a896-d50090561d37', 188.00, 121.000000, '2026-03-23 20:33:53', 'Tarjeta', 1),
	('d8653f89-0578-42f6-8ca5-3587036e42a0', '13648e35-197f-472c-a896-d50090561d37', 9000.00, 4500.000000, '2026-04-12 02:21:31', 'Transferencia', 1),
	('d9b222a8-fb53-4071-bc77-7208e185db15', '13648e35-197f-472c-a896-d50090561d37', 9000.00, 4500.000000, '2026-04-18 06:03:31', 'Efectivo', 1),
	('d9f99144-4063-4c46-866e-a5a51f4dc74a', '13648e35-197f-472c-a896-d50090561d37', 16.00, 10.000000, '2026-03-07 07:35:53', 'Pago Móvil', 1),
	('da5a7390-3020-4b5e-a1f3-1eeb0b5c844c', '13648e35-197f-472c-a896-d50090561d37', 106.00, 68.000000, '2026-01-27 14:02:53', 'Pago Móvil', 1),
	('db45d5ea-7846-4429-a9cf-c248e9e602f4', '13648e35-197f-472c-a896-d50090561d37', 126.00, 78.000000, '2026-02-12 09:25:53', 'Transferencia', 1),
	('dc0552e2-55f9-4ccd-814d-3af796198090', '13648e35-197f-472c-a896-d50090561d37', 2000.00, 1000.000000, '2026-02-20 13:31:03', 'Tarjeta', 1),
	('de07ff03-cdcd-455b-bbbf-fc49eea25c65', '13648e35-197f-472c-a896-d50090561d37', 287.00, 184.000000, '2026-04-12 12:19:53', 'Pago Móvil', 1),
	('de3f2242-db90-46c6-88ea-455f2db3749b', '13648e35-197f-472c-a896-d50090561d37', 114.00, 75.000000, '2026-04-07 00:33:53', 'Efectivo', 1),
	('de897165-1ac6-467d-a859-d0f8aea5cd0b', '13648e35-197f-472c-a896-d50090561d37', 20.00, 12.000000, '2026-02-28 00:23:53', 'Tarjeta', 1),
	('e049b016-c761-4a7d-82d1-47061d4dd82a', '13648e35-197f-472c-a896-d50090561d37', 6000.00, 3000.000000, '2026-03-17 02:28:31', 'Tarjeta', 1),
	('e303ea47-88dc-4c9c-a42d-5fcc4f4ed10d', '13648e35-197f-472c-a896-d50090561d37', 7000.00, 3500.000000, '2026-02-19 03:38:31', 'Transferencia', 1),
	('e319a6ca-f145-4b66-9144-847fb46fa6bb', '13648e35-197f-472c-a896-d50090561d37', 38.00, 23.000000, '2026-03-04 14:57:53', 'Transferencia', 1),
	('e3270d6b-fa97-4715-9a0c-e187cf0d7a98', '13648e35-197f-472c-a896-d50090561d37', 4000.00, 2000.000000, '2026-02-17 16:21:31', 'Transferencia', 1),
	('e4d7a20f-fd4d-47a9-b5d1-1ce2a779d427', '13648e35-197f-472c-a896-d50090561d37', 204.00, 131.000000, '2026-02-10 10:17:53', 'Transferencia', 1),
	('e4e34e36-59f5-44bb-9a3e-399f1019b2c4', '13648e35-197f-472c-a896-d50090561d37', 104.00, 68.000000, '2026-02-01 22:00:53', 'Transferencia', 1),
	('e506c4dc-6da2-4c6b-a957-11716624ac62', '13648e35-197f-472c-a896-d50090561d37', 75.00, 45.000000, '2026-03-06 08:35:53', 'Tarjeta', 1),
	('e6c70b82-09ff-4bac-99d5-cc7a99d339dd', '13648e35-197f-472c-a896-d50090561d37', 164.00, 104.000000, '2026-04-08 04:15:53', 'Pago Móvil', 1),
	('e768d8a6-78d8-436c-aecf-2edf5458b0f1', '13648e35-197f-472c-a896-d50090561d37', 152.00, 96.000000, '2026-03-04 11:41:53', 'Efectivo', 1),
	('e82b2050-1dd3-4c5d-8393-3fda8f7a0421', '13648e35-197f-472c-a896-d50090561d37', 158.00, 103.000000, '2026-03-06 09:52:53', 'Tarjeta', 1),
	('e8d2a2b9-e808-4492-86f9-c3bc3951bf50', '13648e35-197f-472c-a896-d50090561d37', 114.00, 75.000000, '2026-03-11 22:14:53', 'Tarjeta', 1),
	('e98df261-b83a-45fc-b7b2-20a6315e77fa', '13648e35-197f-472c-a896-d50090561d37', 107.00, 64.000000, '2026-03-28 13:59:53', 'Efectivo', 1),
	('ea256da5-3a4b-4419-b1a6-ca79abfe0c22', '13648e35-197f-472c-a896-d50090561d37', 66.00, 42.000000, '2026-02-03 07:35:53', 'Transferencia', 1),
	('eb85d25a-0988-45ac-b310-5d5024387e10', '13648e35-197f-472c-a896-d50090561d37', 9000.00, 4500.000000, '2026-04-20 03:12:31', 'Transferencia', 1),
	('ebff609e-42c0-4a26-948a-976859deaa3f', '13648e35-197f-472c-a896-d50090561d37', 128.00, 80.000000, '2026-04-10 06:01:53', 'Efectivo', 1),
	('ed97aaba-ef22-41a3-a3d7-e446c98d3678', '13648e35-197f-472c-a896-d50090561d37', 9000.00, 4500.000000, '2026-04-11 01:37:31', 'Tarjeta', 1),
	('edba70f7-97de-4628-84f6-9a09462892b0', '13648e35-197f-472c-a896-d50090561d37', 390.00, 252.000000, '2026-02-08 10:32:53', 'Tarjeta', 1),
	('edda2e84-7e8c-4cbf-b109-1b1366f36154', '13648e35-197f-472c-a896-d50090561d37', 80.00, 48.000000, '2026-04-09 03:37:53', 'Pago Móvil', 1),
	('f3fad255-409a-4c53-8cba-6c0fee00afed', '13648e35-197f-472c-a896-d50090561d37', 7000.00, 3500.000000, '2026-02-06 08:08:31', 'Efectivo', 1),
	('f3fce55f-eb84-41d9-a06c-3dc52d22156a', '13648e35-197f-472c-a896-d50090561d37', 1000.00, 500.000000, '2026-01-29 04:09:31', 'Efectivo', 1),
	('f443df6b-5fbb-40a3-9686-87963f73bce3', '13648e35-197f-472c-a896-d50090561d37', 38.00, 25.000000, '2026-03-08 20:32:53', 'Transferencia', 1),
	('f45fe939-6951-41a9-a4ca-85b76a574e43', 'c54cbdb2-fc53-482b-8926-f55d14cb6a98', 20000.00, 10000.000000, '2026-04-14 22:13:58', 'efectivo', 1),
	('f54ca8d7-2d26-4d1f-9ede-80914ef2c3e7', '13648e35-197f-472c-a896-d50090561d37', 1000.00, 500.000000, '2026-03-11 20:50:31', 'Efectivo', 1),
	('f5dadf02-04a7-4387-b7d6-7a0614dad2b9', '13648e35-197f-472c-a896-d50090561d37', 170.00, 111.000000, '2026-02-18 17:17:53', 'Transferencia', 1),
	('fa46080d-18ed-4524-9af5-fafa4eaa57dd', '13648e35-197f-472c-a896-d50090561d37', 8000.00, 4000.000000, '2026-03-17 05:40:03', 'Tarjeta', 1),
	('faeb75f7-1d72-4f7a-a685-f4010213a2ac', '13648e35-197f-472c-a896-d50090561d37', 6000.00, 3000.000000, '2026-03-18 01:19:03', 'Tarjeta', 1),
	('fb411e23-e74e-4370-8bd7-d5f4be6e347b', '13648e35-197f-472c-a896-d50090561d37', 58.00, 36.000000, '2026-02-14 09:55:53', 'Pago Móvil', 1),
	('fb8968f1-1dac-4b34-8396-62f83fa5f0f2', '13648e35-197f-472c-a896-d50090561d37', 6000.00, 3000.000000, '2026-03-22 20:22:03', 'Efectivo', 1),
	('fd1f0147-87ea-48c3-8a5a-09c9c79b0520', '13648e35-197f-472c-a896-d50090561d37', 10000.00, 5000.000000, '2026-02-05 12:48:03', 'Efectivo', 1),
	('fe000a85-7d81-49ac-898d-fb705996bee3', '13648e35-197f-472c-a896-d50090561d37', 2000.00, 1000.000000, '2026-02-26 12:00:01', 'Tarjeta', 1),
	('fe79625a-bce1-429e-aa80-0737ba7bc0e8', '13648e35-197f-472c-a896-d50090561d37', 4000.00, 2000.000000, '2026-03-01 15:40:31', 'Efectivo', 1),
	('fed0f2bd-19fd-4765-b303-d237fb4b8843', '13648e35-197f-472c-a896-d50090561d37', 184.00, 119.000000, '2026-04-09 00:20:53', 'Efectivo', 1),
	('ffe530bd-f50e-4c7d-a9ff-d0e9149db226', '13648e35-197f-472c-a896-d50090561d37', 182.00, 116.000000, '2026-03-29 07:25:53', 'Tarjeta', 1);

-- Volcando estructura para disparador tienda_db.actualizar_total_venta
SET @OLDTMP_SQL_MODE=@@SQL_MODE, SQL_MODE='ONLY_FULL_GROUP_BY,STRICT_TRANS_TABLES,NO_ZERO_IN_DATE,NO_ZERO_DATE,ERROR_FOR_DIVISION_BY_ZERO,NO_ENGINE_SUBSTITUTION';
DELIMITER //
CREATE TRIGGER `actualizar_total_venta` AFTER INSERT ON `detalles_venta` FOR EACH ROW BEGIN
  UPDATE ventas
  SET total = (
    SELECT SUM(subtotal)
    FROM detalles_venta
    WHERE venta_id = NEW.venta_id
  )
  WHERE id = NEW.venta_id;
END//
DELIMITER ;
SET SQL_MODE=@OLDTMP_SQL_MODE;

/*!40103 SET TIME_ZONE=IFNULL(@OLD_TIME_ZONE, 'system') */;
/*!40101 SET SQL_MODE=IFNULL(@OLD_SQL_MODE, '') */;
/*!40014 SET FOREIGN_KEY_CHECKS=IFNULL(@OLD_FOREIGN_KEY_CHECKS, 1) */;
/*!40101 SET CHARACTER_SET_CLIENT=@OLD_CHARACTER_SET_CLIENT */;
/*!40111 SET SQL_NOTES=IFNULL(@OLD_SQL_NOTES, 1) */;
